Amostra,Pitch_X,Roll_Y,Yaw_Z
1,-0.006,-0.0053,-0.0018
2,-0.0191,-0.0152,-0.0066
3,-0.0369,-0.0222,-0.0116
4,-0.053,-0.0257,-0.0142
5,-0.0695,-0.0272,-0.0163
6,-0.0846,-0.0307,-0.0207
7,-0.1035,-0.0352,-0.024
8,-0.1208,-0.0427,-0.0287
9,-0.1359,-0.0536,-0.0333
10,-0.1522,-0.0612,-0.0386
11,-0.1661,-0.065,-0.0425
12,-0.1789,-0.0649,-0.0458
13,-0.1911,-0.0619,-0.0524
14,-0.2016,-0.0639,-0.0588
15,-0.2187,-0.0669,-0.0653
16,-0.2348,-0.0759,-0.0732
17,-0.2469,-0.0864,-0.0785
18,-0.262,-0.1071,-0.0818
19,-0.2758,-0.1377,-0.0889
20,-0.2896,-0.1659,-0.0951
21,-0.302,-0.2002,-0.1011
22,-0.3112,-0.2279,-0.1028
23,-0.3365,-0.2537,-0.1051
24,-0.3472,-0.2617,-0.1055
25,-0.3482,-0.2564,-0.0989
26,-0.3419,-0.2417,-0.0895
27,-0.3397,-0.2117,-0.0858
28,-0.3494,-0.1701,-0.091
29,-0.3682,-0.1466,-0.0963
30,-0.3768,-0.1422,-0.1036
31,-0.3863,-0.1761,-0.1101
32,-0.3987,-0.2398,-0.1185
33,-0.4145,-0.3228,-0.1253
34,-0.4211,-0.3953,-0.1337
35,-0.4345,-0.4585,-0.1403
36,-0.447,-0.4991,-0.1458
37,-0.4564,-0.525,-0.1488
38,-0.4578,-0.5354,-0.1485
39,-0.4655,-0.538,-0.1523
40,-0.4767,-0.551,-0.1561
41,-0.4783,-0.5667,-0.1615
42,-0.479,-0.5952,-0.1657
43,-0.4817,-0.6225,-0.1708
44,-0.4867,-0.6438,-0.1757
45,-0.4933,-0.6598,-0.1804
46,-0.4958,-0.6742,-0.185
47,-0.5014,-0.6887,-0.191
48,-0.5089,-0.7131,-0.1979
49,-0.5163,-0.7455,-0.2055
50,-0.5151,-0.7839,-0.212
51,-0.5248,-0.8172,-0.2192
52,-0.5397,-0.843,-0.2305
53,-0.5453,-0.8796,-0.2399
54,-0.5337,-0.9233,-0.2517
55,-0.5286,-0.9613,-0.2626
56,-0.5222,-0.9911,-0.2746
57,-0.5117,-1.0188,-0.2832
58,-0.5067,-1.0434,-0.2949
59,-0.4993,-1.0761,-0.3049
60,-0.4953,-1.115,-0.3112
61,-0.4943,-1.1633,-0.3184
62,-0.4931,-1.2162,-0.327
63,-0.4869,-1.2692,-0.3324
64,-0.4806,-1.3213,-0.3387
65,-0.4656,-1.3561,-0.3424
66,-0.4449,-1.381,-0.3491
67,-0.4131,-1.3965,-0.3569
68,-0.3863,-1.4174,-0.3691
69,-0.3653,-1.4453,-0.379
70,-0.3568,-1.4791,-0.3847
71,-0.3751,-1.5156,-0.395
72,-0.3815,-1.5267,-0.4009
73,-0.3795,-1.5286,-0.4081
74,-0.3841,-1.5413,-0.4215
75,-0.383,-1.5506,-0.4375
76,-0.368,-1.558,-0.4513
77,-0.3632,-1.5753,-0.4661
78,-0.3604,-1.6164,-0.4874
79,-0.3662,-1.6326,-0.5109
80,-0.3589,-1.6426,-0.5421
81,-0.3451,-1.6451,-0.5728
82,-0.3372,-1.6244,-0.5933
83,-0.2995,-1.5808,-0.5987
84,-0.2727,-1.5637,-0.5994
85,-0.2429,-1.5712,-0.6031
86,-0.221,-1.5801,-0.6114
87,-0.2072,-1.5985,-0.6212
88,-0.1978,-1.617,-0.6316
89,-0.1582,-1.6493,-0.6397
90,-0.1238,-1.6863,-0.6484
91,-0.103,-1.7243,-0.6561
92,-0.086,-1.74,-0.6547
93,-0.061,-1.7842,-0.6525
94,-0.0143,-1.8169,-0.6409
95,0.0502,-1.8488,-0.632
96,0.1018,-1.8666,-0.621
97,0.1255,-1.908,-0.6081
98,0.2035,-1.9137,-0.5993
99,0.2028,-1.8929,-0.6016
100,0.1534,-1.8113,-0.6115
101,0.0803,-1.6859,-0.6344
102,0.0099,-1.5782,-0.6713
103,-0.1096,-1.4957,-0.7063
104,-0.2476,-1.4635,-0.745
105,-0.4136,-1.4774,-0.7969
106,-0.6491,-1.5121,-0.8503
107,-0.9124,-1.574,-0.9082
108,-1.2345,-1.6491,-0.9706
109,-1.585,-1.7119,-1.0351
110,-1.9034,-1.7637,-1.1066
111,-2.2724,-1.8735,-1.1801
112,-2.6069,-1.9895,-1.2787
113,-2.8856,-2.1218,-1.3821
114,-3.1142,-2.2347,-1.4857
115,-3.3052,-2.3616,-1.6086
116,-3.4792,-2.463,-1.7343
117,-3.6747,-2.5605,-1.8575
118,-3.8768,-2.6541,-1.9724
119,-4.1175,-2.7312,-2.078
120,-4.277,-2.8418,-2.1692
121,-4.4427,-2.9661,-2.2417
122,-4.5717,-3.104,-2.3005
123,-4.7245,-3.2233,-2.3398
124,-4.8478,-3.356,-2.3658
125,-4.9385,-3.5062,-2.3856
126,-4.9969,-3.6803,-2.4022
127,-5.0484,-3.8579,-2.4118
128,-5.0794,-4.0269,-2.4083
129,-5.0879,-4.1965,-2.3969
130,-5.0645,-4.3602,-2.3829
131,-5.0301,-4.5382,-2.3725
132,-4.9851,-4.706,-2.367
133,-4.9197,-4.854,-2.3652
134,-4.8008,-4.9941,-2.3653
135,-4.646,-5.1405,-2.3765
136,-4.4943,-5.2943,-2.3946
137,-4.3704,-5.4575,-2.4206
138,-4.2566,-5.6183,-2.4569
139,-4.1503,-5.7554,-2.5064
140,-4.023,-5.8652,-2.566
141,-3.9192,-5.9578,-2.6256
142,-3.831,-6.0642,-2.6862
143,-3.7445,-6.1731,-2.749
144,-3.6222,-6.2792,-2.7963
145,-3.4657,-6.4143,-2.8183
146,-3.2953,-6.5314,-2.8271
147,-3.1102,-6.6321,-2.8241
148,-2.9353,-6.7386,-2.8207
149,-2.7884,-6.8626,-2.8207
150,-2.6909,-6.981,-2.8243
151,-2.5839,-7.0837,-2.8328
152,-2.4153,-7.1521,-2.8408
153,-2.1495,-7.2163,-2.8497
154,-1.8732,-7.2852,-2.8734
155,-1.6588,-7.3555,-2.9056
156,-1.5156,-7.4122,-2.9647
157,-1.4599,-7.4551,-3.0477
158,-1.4596,-7.4866,-3.1524
159,-1.4857,-7.5352,-3.2648
160,-1.486,-7.6252,-3.3773
161,-1.4276,-7.7485,-3.4787
162,-1.2924,-7.9057,-3.569
163,-1.0832,-8.1137,-3.6443
164,-0.7986,-8.358,-3.6953
165,-0.4491,-8.6539,-3.7237
166,-0.049,-8.9763,-3.7271
167,0.3678,-9.2746,-3.7145
168,0.7965,-9.5052,-3.6908
169,1.2547,-9.6576,-3.6338
170,1.6797,-9.7696,-3.5581
171,2.1664,-9.8555,-3.4662
172,2.6948,-9.9633,-3.3594
173,3.1407,-10.1407,-3.2278
174,3.3918,-10.3909,-3.0995
175,3.4075,-10.4912,-2.9806
176,2.9577,-10.338,-2.8947
177,2.1807,-10.1084,-2.8573
178,1.2325,-9.8813,-2.8855
179,0.1839,-9.6281,-2.9698
180,-0.8648,-9.3905,-3.0931
181,-1.87,-9.1704,-3.2435
182,-2.7874,-8.9711,-3.4103
183,-3.6282,-8.7693,-3.5703
184,-4.3957,-8.5877,-3.7297
185,-5.0546,-8.4557,-3.8796
186,-5.6266,-8.3574,-4.0293
187,-6.086,-8.3338,-4.1697
188,-6.4083,-8.2794,-4.2705
189,-6.6553,-8.1585,-4.3413
190,-6.7153,-8.1843,-4.3983
191,-6.6233,-8.273,-4.4639
192,-6.5003,-8.2992,-4.4906
193,-6.2937,-8.3262,-4.497
194,-6.032,-8.2927,-4.4608
195,-5.6152,-8.2445,-4.3667
196,-5.1209,-8.1718,-4.257
197,-4.5832,-8.1244,-4.1447
198,-4.0872,-8.1065,-4.033
199,-3.7089,-8.08,-3.9221
200,-3.5114,-8.0478,-3.8389
201,-3.5437,-7.9994,-3.7885
202,-3.6726,-7.9584,-3.7678
203,-3.8827,-7.9499,-3.8227
204,-4.1426,-7.8873,-3.9278
205,-4.3697,-7.8811,-4.0802
206,-4.5484,-7.9196,-4.2613
207,-4.6906,-7.957,-4.4483
208,-4.7938,-8.0408,-4.6178
209,-4.8121,-8.1357,-4.755
210,-4.6643,-8.2674,-4.8507
211,-4.4148,-8.3461,-4.9104
212,-3.9725,-8.5128,-4.9596
213,-3.4446,-8.6736,-4.97
214,-2.8544,-8.8145,-4.922
215,-2.2812,-8.9141,-4.802
216,-1.6028,-9.047,-4.6212
217,-0.9203,-9.1752,-4.4163
218,-0.2024,-9.3616,-4.201
219,0.4544,-9.5419,-3.9998
220,1.0016,-9.675,-3.8089
221,1.2741,-9.6529,-3.6464
222,1.3442,-9.6759,-3.5335
223,1.0463,-9.6291,-3.5203
224,0.4721,-9.56,-3.593
225,-0.2378,-9.4028,-3.7412
226,-1.0175,-9.1895,-3.9578
227,-1.7962,-8.9524,-4.2368
228,-2.5778,-8.7311,-4.5637
229,-3.3128,-8.5262,-4.924
230,-4.0051,-8.3162,-5.2883
231,-4.547,-8.0862,-5.6576
232,-4.9689,-7.887,-5.9882
233,-5.251,-7.6917,-6.2571
234,-5.3483,-7.5366,-6.4701
235,-5.24,-7.4011,-6.6142
236,-4.9006,-7.4468,-6.6935
237,-4.5248,-7.5445,-6.6864
238,-4.1273,-7.5531,-6.6109
239,-3.739,-7.4898,-6.4565
240,-3.2504,-7.4603,-6.3062
241,-2.6995,-7.4602,-6.1457
242,-2.1156,-7.4733,-5.99
243,-1.6505,-7.5059,-5.8555
244,-1.2638,-7.5666,-5.7569
245,-1.1638,-7.4959,-5.7014
246,-1.349,-7.3572,-5.6927
247,-1.8107,-7.218,-5.7628
248,-2.486,-7.0157,-5.8681
249,-3.2029,-6.7555,-5.9936
250,-3.8476,-6.5421,-6.1474
251,-4.353,-6.3734,-6.3373
252,-4.7257,-6.2288,-6.5366
253,-4.9515,-6.107,-6.7387
254,-5.0421,-6.0605,-6.9359
255,-4.9905,-6.039,-7.1224
256,-4.8241,-6.0267,-7.2771
257,-4.5227,-6.0446,-7.4157
258,-4.1245,-6.2154,-7.5206
259,-3.5403,-6.4268,-7.6056
260,-2.7718,-6.7519,-7.6659
261,-2.0294,-7.074,-7.6702
262,-1.3317,-7.217,-7.6143
263,-0.6697,-7.2073,-7.4924
264,0.021,-7.2486,-7.3472
265,0.6936,-7.3452,-7.1992
266,1.2212,-7.3557,-7.0468
267,1.7058,-7.3872,-6.903
268,1.9314,-7.345,-6.7959
269,1.816,-7.2716,-6.7399
270,1.2677,-7.1781,-6.7869
271,0.3564,-6.9773,-6.9056
272,-0.8114,-6.6386,-7.0348
273,-2.0036,-6.2112,-7.1239
274,-3.076,-5.8203,-7.217
275,-3.962,-5.4608,-7.3127
276,-4.6164,-5.2896,-7.4055
277,-4.996,-5.2789,-7.5086
278,-5.1503,-5.3196,-7.6058
279,-5.0478,-5.4131,-7.7049
280,-4.7207,-5.5885,-7.8096
281,-4.2037,-5.8454,-7.9002
282,-3.5731,-6.1311,-7.9593
283,-2.9407,-6.383,-8.0205
284,-2.4294,-6.6129,-8.0993
285,-1.9519,-6.9677,-8.173
286,-1.5843,-7.1442,-8.2007
287,-1.2196,-7.1842,-8.1253
288,-0.8088,-7.195,-7.9729
289,-0.5069,-7.3291,-7.749
290,-0.264,-7.499,-7.4968
291,-0.1427,-7.6004,-7.274
292,-0.3199,-7.5626,-7.0953
293,-0.7673,-7.4675,-6.9937
294,-1.4702,-7.1394,-6.9535
295,-2.2746,-6.8923,-6.9603
296,-3.2677,-6.5647,-7.0648
297,-4.4076,-6.2194,-7.2197
298,-5.4881,-5.8913,-7.383
299,-6.3937,-5.6705,-7.5384
300,-7.0152,-5.5173,-7.7214
301,-7.3921,-5.4557,-7.946
302,-7.5434,-5.5752,-8.2056
303,-7.4694,-5.8348,-8.4938
304,-7.1407,-6.1903,-8.8
305,-6.5431,-6.5875,-9.0899
306,-5.6225,-7.0283,-9.3538
307,-4.5142,-7.5085,-9.5719
308,-3.3454,-7.9175,-9.7386
309,-2.3884,-8.064,-9.8777
310,-1.8571,-8.0215,-9.9904
311,-1.6403,-7.9444,-10.0143
312,-1.498,-7.846,-9.9646
313,-1.3129,-7.6343,-9.7934
314,-1.1763,-7.4631,-9.5097
315,-1.0277,-7.3999,-9.1586
316,-0.9288,-7.3161,-8.8464
317,-1.0569,-7.1428,-8.607
318,-1.4944,-6.7925,-8.3794
319,-2.1024,-6.6388,-8.2509
320,-3.0451,-6.3764,-8.2979
321,-4.1612,-6.0816,-8.3954
322,-5.1683,-5.6183,-8.47
323,-5.915,-5.2738,-8.5601
324,-6.4986,-4.9495,-8.6913
325,-6.8658,-4.7739,-8.8362
326,-7.0482,-4.7298,-8.9845
327,-7.0078,-4.7721,-9.1332
328,-6.7102,-4.9714,-9.2684
329,-6.1511,-5.3031,-9.3998
330,-5.4207,-5.6778,-9.5108
331,-4.6216,-5.9475,-9.5988
332,-3.9862,-6.0445,-9.6917
333,-3.4469,-6.3611,-9.8099
334,-3.091,-6.7555,-9.9302
335,-2.8858,-6.8845,-9.9753
336,-2.62,-7.0033,-9.959
337,-2.4408,-6.9021,-9.8435
338,-2.16,-6.85,-9.6131
339,-1.9598,-6.8379,-9.3184
340,-1.6928,-6.8867,-9.0018
341,-1.5421,-6.9453,-8.7308
342,-1.5649,-6.9382,-8.5021
343,-1.7839,-6.9484,-8.3332
344,-2.0667,-6.7007,-8.24
345,-2.405,-6.609,-8.1652
346,-2.9591,-6.4513,-8.1575
347,-3.7187,-6.2831,-8.1919
348,-4.4923,-6.0157,-8.2468
349,-5.1483,-5.7438,-8.2931
350,-5.6882,-5.4878,-8.35
351,-6.1057,-5.3195,-8.414
352,-6.3722,-5.2667,-8.4592
353,-6.4579,-5.291,-8.5015
354,-6.3615,-5.339,-8.5237
355,-6.0578,-5.4398,-8.525
356,-5.5648,-5.6746,-8.5209
357,-5.041,-5.8972,-8.4916
358,-4.6942,-5.949,-8.426
359,-4.7484,-5.8139,-8.3375
360,-5.0602,-5.5846,-8.2117
361,-5.4773,-5.492,-8.025
362,-5.9027,-5.3979,-7.7836
363,-6.2729,-5.4041,-7.4633
364,-6.44,-5.508,-7.0705
365,-6.3769,-5.6252,-6.6812
366,-6.2117,-5.7604,-6.3284
367,-6.1062,-5.8083,-6.0093
368,-6.2096,-5.8619,-5.71
369,-6.498,-5.9866,-5.4736
370,-6.8568,-6.1331,-5.3249
371,-7.2348,-6.1335,-5.2501
372,-7.5863,-5.998,-5.2193
373,-7.8186,-6.0012,-5.2137
374,-8.0425,-6.0497,-5.3271
375,-8.3628,-6.02,-5.5318
376,-8.6284,-5.9355,-5.7694
377,-8.811,-5.8701,-6.0151
378,-8.8023,-5.745,-6.2046
379,-8.8277,-5.7243,-6.4073
380,-8.8378,-5.7215,-6.6038
381,-8.818,-5.6859,-6.7722
382,-8.8544,-5.5091,-6.8997
383,-8.9433,-5.3974,-6.9911
384,-9.142,-5.3122,-7.0092
385,-9.3895,-5.2447,-6.9335
386,-9.5734,-5.25,-6.8172
387,-9.6324,-5.5238,-6.6246
388,-9.261,-5.7364,-6.349
389,-8.6873,-5.9555,-6.0548
390,-8.0816,-6.3014,-5.7981
391,-7.5695,-6.6229,-5.6134
392,-7.3047,-6.9126,-5.4831
393,-7.403,-7.1827,-5.4207
394,-7.7696,-7.371,-5.4277
395,-8.2856,-7.4734,-5.5072
396,-8.8619,-7.3083,-5.5982
397,-9.3719,-7.2308,-5.6744
398,-9.8532,-7.198,-5.8642
399,-10.368,-7.1221,-6.1747
400,-10.8163,-6.9782,-6.5021
401,-11.2564,-6.7895,-6.8617
402,-11.5861,-6.603,-7.206
403,-11.4315,-6.4343,-7.4776
404,-10.9051,-6.6035,-7.7464
405,-10.4424,-6.4686,-7.928
406,-9.9132,-6.3161,-8.0572
407,-9.4004,-6.1695,-8.1462
408,-8.998,-6.0985,-8.1924
409,-8.7836,-5.9698,-8.1615
410,-8.5455,-5.976,-8.036
411,-8.126,-5.9431,-7.8336
412,-7.5653,-5.8668,-7.5717
413,-7.0084,-5.8636,-7.3
414,-6.3827,-5.9392,-7.0963
415,-5.8894,-5.9653,-6.9596
416,-5.47,-6.1422,-6.9326
417,-5.1906,-6.0964,-6.9123
418,-4.8826,-6.158,-6.9178
419,-4.5762,-6.2188,-7.0363
420,-4.3875,-6.1381,-7.2323
421,-4.2186,-5.7693,-7.3606
422,-3.9835,-5.509,-7.4634
423,-3.6469,-5.2746,-7.501
424,-3.2174,-4.9521,-7.4795
425,-2.7875,-4.7225,-7.4648
426,-2.3922,-4.5782,-7.4745
427,-2.0276,-4.5001,-7.4889
428,-1.6699,-4.4317,-7.5415
429,-1.3182,-4.4231,-7.604
430,-0.965,-4.439,-7.6603
431,-0.6637,-4.412,-7.7033
432,-0.4085,-4.3538,-7.7047
433,-0.1876,-4.2976,-7.6558
434,-0.0093,-4.2006,-7.5645
435,0.1412,-4.0623,-7.4516
436,0.2568,-3.9568,-7.2803
437,0.3701,-3.8418,-7.0725
438,0.4394,-3.7714,-6.8277
439,0.451,-3.7656,-6.5957
440,0.2418,-3.843,-6.4335
441,-0.2508,-3.928,-6.3851
442,-0.8964,-4.0213,-6.3939
443,-1.6512,-4.0619,-6.4545
444,-2.3423,-3.9595,-6.5572
445,-2.8891,-3.7837,-6.6491
446,-3.251,-3.6541,-6.7436
447,-3.4704,-3.5751,-6.8376
448,-3.584,-3.5682,-6.921
449,-3.6857,-3.5636,-6.9905
450,-3.6946,-3.5952,-7.0865
451,-3.7418,-3.6624,-7.1403
452,-3.7025,-3.7041,-7.2063
453,-3.5466,-3.8038,-7.2688
454,-3.1809,-3.843,-7.3475
455,-2.7215,-3.9018,-7.4047
456,-2.2996,-3.9766,-7.4142
457,-1.9102,-4.0491,-7.3641
458,-1.6136,-4.1557,-7.2804
459,-1.4649,-4.2676,-7.1745
460,-1.3843,-4.3126,-7.0675
461,-1.3183,-4.3026,-6.9404
462,-1.2542,-4.3193,-6.8004
463,-1.1842,-4.3471,-6.654
464,-1.1676,-4.4252,-6.5107
465,-1.2069,-4.5485,-6.4005
466,-1.4752,-4.6457,-6.3744
467,-1.9112,-4.7387,-6.3955
468,-2.3724,-4.7907,-6.4534
469,-2.7809,-4.7544,-6.5226
470,-3.0788,-4.8109,-6.6087
471,-3.2393,-4.9094,-6.6847
472,-3.2346,-5.0201,-6.7673
473,-3.1674,-5.1381,-6.8454
474,-3.0394,-5.2916,-6.9273
475,-2.8924,-5.4285,-6.9979
476,-2.7576,-5.5573,-7.0726
477,-2.6202,-5.6547,-7.15
478,-2.4862,-5.6362,-7.2374
479,-2.1671,-5.6734,-7.3794
480,-1.8264,-5.7418,-7.5106
481,-1.4883,-5.682,-7.6221
482,-1.1776,-5.6245,-7.6748
483,-0.8772,-5.5808,-7.6887
484,-0.6672,-5.531,-7.6735
485,-0.4829,-5.4328,-7.603
486,-0.3065,-5.4045,-7.51
487,-0.1613,-5.35,-7.4023
488,-0.1348,-5.146,-7.2654
489,-0.0282,-5.0131,-7.0622
490,-0.0277,-5.0619,-6.9373
491,-0.2529,-5.1128,-6.8918
492,-0.5383,-5.1381,-6.8836
493,-0.9518,-5.0595,-6.9032
494,-1.3399,-4.9521,-6.9773
495,-1.6241,-4.9358,-7.0735
496,-1.7686,-4.9471,-7.1884
497,-1.7775,-4.9541,-7.3045
498,-1.6293,-4.9995,-7.4278
499,-1.377,-5.1123,-7.5587
500,-1.1053,-5.298,-7.6959
501,-0.7462,-5.5183,-7.8861
502,-0.3915,-5.7276,-8.0776
503,0.0199,-5.8309,-8.2657
504,0.453,-5.9211,-8.4699
505,0.8508,-6.082,-8.6708
506,1.1576,-6.1487,-8.8491
507,1.3918,-6.1173,-8.9593
508,1.606,-6.0556,-9.0114
509,1.7654,-6.0336,-9.0275
510,1.8952,-6.02,-8.9983
511,2.0102,-5.9939,-8.9048
512,2.0939,-5.9335,-8.7254
513,2.1088,-5.7263,-8.4539
514,2.2825,-5.7349,-8.1939
515,2.1672,-5.8926,-8.0593
516,1.7852,-5.8799,-8.0314
517,1.2208,-5.9382,-8.053
518,0.5722,-5.925,-8.1397
519,-0.0956,-5.8014,-8.2987
520,-0.6759,-5.6658,-8.5141
521,-1.1135,-5.5615,-8.7523
522,-1.4398,-5.4337,-8.9779
523,-1.6142,-5.3123,-9.2068
524,-1.7111,-5.2713,-9.4292
525,-1.7899,-5.2435,-9.6561
526,-1.7693,-5.2199,-9.9033
527,-1.7248,-5.2081,-10.0959
528,-1.6017,-5.1817,-10.248
529,-1.3904,-5.1614,-10.3577
530,-1.1002,-5.1717,-10.452
531,-0.7913,-5.1827,-10.5128
532,-0.5078,-5.2596,-10.5035
533,-0.2078,-5.3255,-10.4406
534,0.0083,-5.3933,-10.3452
535,0.073,-5.3837,-10.2138
536,0.0717,-5.2714,-10.0362
537,0.0381,-5.0944,-9.8097
538,-0.0439,-4.945,-9.5256
539,-0.0972,-4.9361,-9.2476
540,-0.2787,-5.085,-9.0587
541,-0.5754,-5.2001,-8.9793
542,-1.0202,-5.2075,-8.9664
543,-1.5581,-5.1397,-9.0273
544,-2.1067,-5.0347,-9.125
545,-2.5814,-4.9163,-9.2394
546,-2.9666,-4.8163,-9.3482
547,-3.2576,-4.7434,-9.4213
548,-3.4385,-4.6854,-9.4771
549,-3.5502,-4.6954,-9.5323
550,-3.5676,-4.7262,-9.6236
551,-3.5831,-4.7233,-9.7006
552,-3.5652,-4.6707,-9.7433
553,-3.466,-4.6889,-9.7841
554,-3.1946,-4.717,-9.7969
555,-2.8003,-4.74,-9.8045
556,-2.4139,-4.8221,-9.8012
557,-2.0548,-4.9134,-9.7457
558,-1.717,-4.9771,-9.6426
559,-1.4677,-5.0936,-9.5188
560,-1.3083,-5.1259,-9.3925
561,-1.2392,-5.0892,-9.2432
562,-1.2296,-5.0689,-9.0809
563,-1.2584,-4.9676,-8.8782
564,-1.2889,-4.9077,-8.6558
565,-1.291,-4.9261,-8.4541
566,-1.4519,-4.9998,-8.332
567,-1.7295,-5.0148,-8.2712
568,-2.1246,-4.9303,-8.249
569,-2.5321,-4.8638,-8.2937
570,-2.8977,-4.8283,-8.3839
571,-3.1465,-4.8223,-8.4951
572,-3.2453,-4.8386,-8.6164
573,-3.2309,-4.8421,-8.7437
574,-3.1226,-4.9037,-8.868
575,-2.9506,-4.9894,-8.9939
576,-2.7857,-5.0463,-9.1332
577,-2.5642,-5.0673,-9.3122
578,-2.4071,-5.146,-9.4242
579,-2.009,-5.1203,-9.5399
580,-1.5421,-5.1533,-9.6396
581,-1.1065,-5.2588,-9.7034
582,-0.666,-5.3423,-9.7025
583,-0.2441,-5.4527,-9.6664
584,0.0389,-5.5414,-9.603
585,0.1934,-5.5584,-9.5321
586,0.2751,-5.503,-9.4579
587,0.2732,-5.4113,-9.3418
588,0.2501,-5.3476,-9.1964
589,0.2034,-5.2093,-9.015
590,0.2468,-5.1481,-8.8242
591,0.1804,-5.1759,-8.7255
592,-0.1042,-5.2161,-8.7344
593,-0.5046,-5.1386,-8.7843
594,-0.9837,-5.0454,-8.8726
595,-1.3964,-4.9709,-9.0028
596,-1.6767,-5.0322,-9.1547
597,-1.8248,-5.0957,-9.3484
598,-1.8327,-5.1192,-9.5805
599,-1.7336,-5.234,-9.8241
600,-1.5442,-5.3998,-10.0842
601,-1.2849,-5.565,-10.3496
602,-0.9317,-5.6881,-10.6057
603,-0.4691,-5.8499,-10.8221
604,0.0096,-5.9595,-11.003
605,0.5759,-6.0858,-11.1138
606,1.1552,-6.1764,-11.1383
607,1.6737,-6.2281,-11.058
608,2.1372,-6.2889,-10.9267
609,2.5754,-6.3847,-10.7482
610,2.9032,-6.3702,-10.5088
611,3.1658,-6.3097,-10.1773
612,3.2449,-6.1973,-9.808
613,3.4623,-6.2465,-9.4078
614,3.363,-6.4508,-9.1188
615,2.9418,-6.5163,-9.0242
616,2.1685,-6.4938,-9.0016
617,1.2041,-6.4767,-9.0317
618,0.1319,-6.2314,-9.1153
619,-0.8629,-5.8937,-9.195
620,-1.6196,-5.6263,-9.2756
621,-2.1196,-5.4779,-9.3301
622,-2.3958,-5.3988,-9.351
623,-2.494,-5.4119,-9.3452
624,-2.4168,-5.5148,-9.3636
625,-2.2633,-5.6518,-9.3834
626,-2.0005,-5.8079,-9.4142
627,-1.6796,-5.9473,-9.4541
628,-1.3491,-5.947,-9.5104
629,-0.8815,-5.9687,-9.6206
630,-0.4657,-6.0318,-9.6924
631,-0.0371,-6.0335,-9.7535
632,0.4327,-6.0335,-9.7938
633,0.8704,-6.0235,-9.7599
634,1.2331,-6.0094,-9.6442
635,1.5409,-6.0689,-9.4941
636,1.7832,-6.0345,-9.3173
637,1.9594,-5.9794,-9.0924
638,2.1097,-5.9119,-8.8443
639,2.0906,-5.7572,-8.5846
640,2.2048,-5.7973,-8.2814
641,2.041,-5.9292,-8.1253
642,1.5937,-6.0228,-8.1369
643,0.9299,-6.0945,-8.2447
644,0.1539,-6.0488,-8.4146
645,-0.5554,-5.9281,-8.5976
646,-1.0713,-5.858,-8.7694
647,-1.4223,-5.7777,-8.9386
648,-1.6206,-5.6792,-9.1213
649,-1.7329,-5.684,-9.3245
650,-1.7828,-5.7601,-9.527
651,-1.7685,-5.8951,-9.7257
652,-1.7182,-5.9996,-9.917
653,-1.6435,-6.0087,-10.1063
654,-1.4365,-6.0034,-10.317
655,-1.2169,-6.0171,-10.4866
656,-0.9691,-5.9443,-10.6068
657,-0.7292,-5.8532,-10.6383
658,-0.4983,-5.7551,-10.5973
659,-0.2887,-5.6808,-10.4909
660,-0.1449,-5.5763,-10.3151
661,-0.1085,-5.4207,-10.0612
662,-0.1184,-5.2841,-9.7759
663,-0.2297,-5.0951,-9.4482
664,-0.4896,-4.8721,-9.1188
665,-0.7187,-4.8815,-8.8199
666,-1.1851,-4.9852,-8.6951
667,-1.8749,-5.0017,-8.7136
668,-2.824,-4.8652,-8.8363
669,-3.8288,-4.6283,-9.0154
670,-4.7411,-4.4518,-9.1909
671,-5.4029,-4.3294,-9.3748
672,-5.7778,-4.2261,-9.5648
673,-5.8334,-4.1514,-9.7271
674,-5.6463,-4.1718,-9.8439
675,-5.2919,-4.319,-9.9418
676,-4.823,-4.5187,-10.0311
677,-4.3261,-4.6781,-10.106
678,-3.785,-4.7434,-10.2041
679,-3.3747,-4.8054,-10.2599
680,-2.9979,-4.8504,-10.2531
681,-2.659,-4.7995,-10.2069
682,-2.5035,-4.7702,-10.0876
683,-2.3779,-4.7395,-9.9085
684,-2.2439,-4.7533,-9.7057
685,-2.0749,-4.7956,-9.4907
686,-1.9024,-4.8593,-9.2416
687,-1.7555,-4.9145,-8.9679
688,-1.7124,-4.9955,-8.7135
689,-1.8733,-5.0762,-8.511
690,-2.274,-4.8998,-8.342
691,-2.6943,-4.8029,-8.2361
692,-3.3988,-4.7028,-8.2551
693,-4.3196,-4.5764,-8.3615
694,-5.2594,-4.3952,-8.5492
695,-6.0663,-4.1852,-8.7862
696,-6.6617,-4.0317,-9.0629
697,-6.9879,-3.9197,-9.37
698,-7.0414,-3.8752,-9.6891
699,-6.8797,-3.8828,-9.9904
700,-6.5437,-3.9713,-10.2804
701,-6.0835,-4.1494,-10.5486
702,-5.6168,-4.3601,-10.7876
703,-5.2411,-4.4137,-10.967
704,-4.8381,-4.3077,-11.0632
705,-4.4993,-4.2455,-11.0856
706,-4.3313,-4.2511,-11.0507
707,-4.2383,-4.2628,-10.9245
708,-4.1357,-4.2879,-10.7569
709,-4.1454,-4.2956,-10.5798
710,-4.2573,-4.1699,-10.3634
711,-4.4389,-4.1236,-10.1284
712,-4.6749,-4.0374,-9.8947
713,-4.9867,-3.9634,-9.6734
714,-5.4639,-3.9707,-9.4858
715,-6.1051,-3.8044,-9.3437
716,-6.8115,-3.6939,-9.2688
717,-7.6945,-3.5215,-9.2876
718,-8.6794,-3.3726,-9.3416
719,-9.5448,-3.2057,-9.4738
720,-10.1917,-3.1125,-9.6787
721,-10.6215,-3.0878,-9.9224
722,-10.8204,-3.1297,-10.189
723,-10.7411,-3.2249,-10.4387
724,-10.4214,-3.3651,-10.6681
725,-9.9093,-3.6162,-10.884
726,-9.1988,-3.9185,-11.075
727,-8.4999,-4.146,-11.2164
728,-7.7158,-4.2456,-11.3448
729,-6.9908,-4.207,-11.4049
730,-6.365,-4.1842,-11.4185
731,-5.9195,-4.3573,-11.3543
732,-5.5045,-4.5106,-11.2061
733,-5.0912,-4.6419,-11.0113
734,-4.8449,-4.6485,-10.7794
735,-4.724,-4.6146,-10.5358
736,-4.6619,-4.4729,-10.2747
737,-4.666,-4.2443,-9.9618
738,-4.6997,-4.1812,-9.626
739,-4.8228,-4.1692,-9.3608
740,-5.1276,-4.1088,-9.1543
741,-5.7158,-4.1,-9.0595
742,-6.6517,-3.9956,-9.0846
743,-7.7133,-3.8082,-9.1923
744,-8.7627,-3.5894,-9.3809
745,-9.6526,-3.4078,-9.6329
746,-10.2394,-3.2945,-9.9312
747,-10.5323,-3.2409,-10.2669
748,-10.5767,-3.1908,-10.5902
749,-10.3982,-3.1611,-10.8991
750,-10.0109,-3.224,-11.1842
751,-9.4469,-3.4027,-11.4788
752,-8.7779,-3.6179,-11.7463
753,-8.1417,-3.7816,-11.9682
754,-7.6253,-3.7693,-12.1347
755,-6.9857,-3.6414,-12.2667
756,-6.4585,-3.6068,-12.3648
757,-6.0813,-3.7596,-12.4072
758,-5.7639,-3.8889,-12.3702
759,-5.4089,-3.9689,-12.266
760,-5.2288,-4.0061,-12.11
761,-5.2111,-4.1624,-11.9522
762,-5.2364,-4.0933,-11.7679
763,-5.2029,-3.9496,-11.5593
764,-5.1745,-3.8042,-11.3151
765,-5.1839,-3.7249,-11.0725
766,-5.4186,-3.6807,-10.8785
767,-5.8711,-3.5863,-10.7341
768,-6.4052,-3.4995,-10.6295
769,-7.1994,-3.4294,-10.6932
770,-8.1745,-3.2817,-10.8795
771,-9.1439,-3.0957,-11.1051
772,-9.8931,-2.9225,-11.3913
773,-10.3476,-2.8483,-11.7099
774,-10.5081,-2.8496,-12.0453
775,-10.4064,-2.8578,-12.3878
776,-10.1161,-2.8839,-12.726
777,-9.6356,-2.9563,-13.0422
778,-9.0134,-3.1467,-13.3221
779,-8.3704,-3.3426,-13.5424
780,-7.8777,-3.3905,-13.7134
781,-7.5889,-3.1859,-13.8594
782,-7.4532,-3.0921,-13.9585
783,-7.3813,-3.1019,-13.9577
784,-7.3737,-3.1008,-13.8414
785,-7.433,-3.0322,-13.6319
786,-7.5674,-3.1286,-13.3532
787,-7.5718,-3.1343,-13.0401
788,-7.4604,-3.0565,-12.717
789,-7.3915,-3.0278,-12.4078
790,-7.4953,-3.034,-12.1541
791,-7.8651,-3.0539,-11.9709
792,-8.5798,-2.9738,-11.8382
793,-9.2214,-2.9359,-11.7164
794,-9.8507,-2.8101,-11.7266
795,-10.6008,-2.7174,-11.8521
796,-11.3261,-2.5473,-12.065
797,-11.8524,-2.4116,-12.3475
798,-12.1331,-2.336,-12.6662
799,-12.1824,-2.2663,-13.0055
800,-12.0181,-2.2091,-13.3361
801,-11.6773,-2.206,-13.6445
802,-11.1368,-2.3504,-13.9074
803,-10.461,-2.5988,-14.1264
804,-9.7442,-2.8182,-14.291
805,-9.2462,-2.7602,-14.386
806,-8.7265,-2.688,-14.4582
807,-8.1684,-2.7755,-14.4792
808,-7.6924,-3.0501,-14.4096
809,-7.3327,-3.3518,-14.2492
810,-7.0237,-3.5,-14.0363
811,-6.7481,-3.564,-13.7824
812,-6.4411,-3.5739,-13.494
813,-6.0613,-3.6504,-13.1849
814,-5.5897,-3.6972,-12.866
815,-5.1739,-3.7818,-12.5678
816,-5.0267,-3.8387,-12.3157
817,-5.0976,-3.8407,-12.092
818,-5.3702,-3.8709,-11.9462
819,-6.0087,-3.9198,-11.9735
820,-6.8595,-3.7566,-12.1124
821,-7.7313,-3.5794,-12.3014
822,-8.4604,-3.3641,-12.5388
823,-8.8812,-3.2107,-12.7856
824,-9.0328,-3.1276,-13.0427
825,-8.9967,-3.0029,-13.3049
826,-8.7974,-2.9429,-13.5427
827,-8.4575,-2.9921,-13.7549
828,-8.086,-3.088,-13.954
829,-7.7101,-3.1973,-14.1346
830,-7.3633,-3.299,-14.2837
831,-7.0323,-3.3499,-14.4078
832,-6.6686,-3.3837,-14.5194
833,-6.3004,-3.4824,-14.5891
834,-5.9104,-3.6081,-14.6084
835,-5.4972,-3.7313,-14.5485
836,-5.1053,-3.8202,-14.3992
837,-4.7654,-3.9001,-14.1678
838,-4.492,-3.8567,-13.8771
839,-4.3446,-3.8997,-13.5733
840,-4.3395,-3.8949,-13.275
841,-4.5228,-3.8505,-12.987
842,-4.9648,-3.7295,-12.7304
843,-5.3017,-3.7016,-12.4833
844,-5.7863,-3.7008,-12.3556
845,-6.4594,-3.7325,-12.3948
846,-7.3859,-3.5718,-12.5479
847,-8.2984,-3.346,-12.791
848,-9.0486,-3.1296,-13.0787
849,-9.4718,-2.9688,-13.3698
850,-9.5881,-2.8631,-13.6676
851,-9.4631,-2.7831,-13.9522
852,-9.1808,-2.7825,-14.1971
853,-8.7733,-2.8449,-14.3947
854,-8.2701,-2.9605,-14.5528
855,-7.6991,-3.0932,-14.6589
856,-7.0954,-3.1407,-14.7159
857,-6.3863,-3.1851,-14.736
858,-5.7206,-3.2628,-14.7449
859,-5.1014,-3.4236,-14.714
860,-4.5394,-3.6026,-14.6296
861,-4.0419,-3.7066,-14.4681
862,-3.5977,-3.7634,-14.232
863,-3.2945,-3.7451,-13.9272
864,-3.0599,-3.7024,-13.5801
865,-2.9973,-3.6741,-13.2483
866,-3.2029,-3.7229,-12.9446
867,-3.7364,-3.6641,-12.6858
868,-4.1678,-3.7736,-12.4479
869,-4.8267,-3.8807,-12.3529
870,-5.6886,-3.959,-12.4473
871,-6.7657,-3.812,-12.6298
872,-7.7562,-3.575,-12.8666
873,-8.6377,-3.3619,-13.1277
874,-9.2005,-3.2453,-13.3995
875,-9.5104,-3.1652,-13.6832
876,-9.5717,-3.1675,-13.9522
877,-9.4548,-3.2636,-14.2054
878,-9.1932,-3.4051,-14.421
879,-8.7884,-3.5532,-14.6091
880,-8.3183,-3.7087,-14.7642
881,-7.8703,-3.7751,-14.8785
882,-7.4595,-3.7271,-14.9514
883,-6.9686,-3.7386,-14.9877
884,-6.5601,-3.7593,-14.9922
885,-6.134,-3.823,-14.9233
886,-5.6695,-3.8405,-14.7602
887,-5.2186,-3.8345,-14.5211
888,-4.783,-3.8515,-14.2089
889,-4.3391,-3.7401,-13.8379
890,-3.9366,-3.6659,-13.461
891,-3.7667,-3.6774,-13.1149
892,-3.8746,-3.7412,-12.8298
893,-4.3629,-3.7262,-12.6251
894,-4.8826,-3.7848,-12.4434
895,-5.4744,-3.8037,-12.3788
896,-6.2732,-3.813,-12.462
897,-7.1799,-3.6589,-12.6136
898,-8.0019,-3.4295,-12.7921
899,-8.629,-3.3059,-12.9967
900,-9.0046,-3.2354,-13.2135
901,-9.0862,-3.2003,-13.4238
902,-8.9496,-3.2397,-13.6298
903,-8.6445,-3.3518,-13.8098
904,-8.1739,-3.5433,-13.9498
905,-7.589,-3.7796,-14.0685
906,-7.0031,-3.9822,-14.1462
907,-6.4422,-4.004,-14.1981
908,-5.9509,-3.9821,-14.2511
909,-5.3463,-4.1346,-14.3074
910,-4.8284,-4.2422,-14.3611
911,-4.407,-4.3213,-14.3441
912,-3.9874,-4.349,-14.2445
913,-3.6167,-4.2749,-14.0573
914,-3.2615,-4.2016,-13.7908
915,-2.8827,-4.1242,-13.4708
916,-2.5795,-4.0747,-13.144
917,-2.4801,-4.012,-12.8231
918,-2.6087,-3.9547,-12.5367
919,-3.0375,-3.8232,-12.3172
920,-3.4347,-3.8299,-12.1118
921,-4.0205,-3.8782,-12.0083
922,-4.8197,-3.9161,-12.0948
923,-5.7885,-3.7501,-12.2056
924,-6.6463,-3.5526,-12.3282
925,-7.2718,-3.4065,-12.4823
926,-7.5712,-3.3796,-12.6483
927,-7.5405,-3.4217,-12.7994
928,-7.2613,-3.5204,-12.9376
929,-6.8152,-3.6466,-13.0549
930,-6.2594,-3.8405,-13.1382
931,-5.6645,-4.0771,-13.1809
932,-5.1227,-4.2226,-13.1895
933,-4.6503,-4.2049,-13.1941
934,-4.2567,-4.2116,-13.2171
935,-3.9255,-4.3072,-13.2345
936,-3.7064,-4.2985,-13.2085
937,-3.5287,-4.2506,-13.0526
938,-3.2431,-4.2326,-12.8106
939,-2.9169,-4.3118,-12.5264
940,-2.6018,-4.391,-12.2381
941,-2.4856,-4.3616,-11.968
942,-2.6853,-4.2393,-11.6921
943,-3.1328,-4.2488,-11.4545
944,-3.8694,-4.2615,-11.283
945,-4.7721,-4.2383,-11.1561
946,-5.645,-4.1438,-11.0536
947,-6.509,-4.0637,-11.0076
948,-7.3168,-3.888,-11.0351
949,-8.091,-3.7878,-11.1054
950,-8.7258,-3.7239,-11.2232
951,-9.1589,-3.7096,-11.3861
952,-9.3171,-3.7621,-11.57
953,-9.2213,-3.8899,-11.7669
954,-8.9118,-4.0317,-11.9473
955,-8.3654,-4.2224,-12.11
956,-7.6643,-4.5133,-12.2667
957,-6.9375,-4.8868,-12.4166
958,-6.3397,-5.1669,-12.4888
959,-5.9916,-5.1043,-12.517
960,-5.7432,-4.9514,-12.564
961,-5.6543,-4.9814,-12.6035
962,-5.6285,-4.8454,-12.5851
963,-5.5619,-4.6218,-12.4401
964,-5.3637,-4.4959,-12.1672
965,-5.0342,-4.3863,-11.8024
966,-4.6947,-4.3898,-11.4142
967,-4.4336,-4.3367,-11.0602
968,-4.3087,-4.176,-10.7749
969,-4.5114,-4.0464,-10.5526
970,-4.9933,-3.9528,-10.3686
971,-5.6597,-3.8717,-10.2395
972,-6.4561,-3.7728,-10.1667
973,-7.1659,-3.7647,-10.1025
974,-7.7194,-3.4496,-10.0986
975,-8.2494,-3.3298,-10.1928
976,-8.7413,-3.2421,-10.3349
977,-9.0237,-3.1886,-10.5215
978,-9.069,-3.1965,-10.7295
979,-8.9026,-3.2508,-10.9454
980,-8.5241,-3.3585,-11.1295
981,-7.9409,-3.5489,-11.31
982,-7.2583,-3.839,-11.4757
983,-6.5808,-4.182,-11.5952
984,-6.0814,-4.4039,-11.6496
985,-5.8118,-4.346,-11.6919
986,-5.7142,-4.334,-11.7087
987,-5.7169,-4.3761,-11.6898
988,-5.7466,-4.311,-11.593
989,-5.7189,-4.2263,-11.3782
990,-5.5785,-4.1117,-11.0959
991,-5.3619,-4.0449,-10.7899
992,-5.0721,-3.9903,-10.5168
993,-4.8965,-3.8917,-10.2762
994,-4.9482,-3.8399,-10.0738
995,-5.311,-3.757,-9.9546
996,-5.9185,-3.6228,-9.8978
997,-6.6206,-3.4992,-9.8537
998,-7.2644,-3.3163,-9.8449
999,-7.8768,-3.1297,-9.955
1000,-8.4779,-2.9932,-10.1346
1001,-8.9304,-2.8676,-10.3714
1002,-9.1109,-2.7801,-10.6206
1003,-9.0263,-2.7218,-10.8866
1004,-8.6966,-2.7123,-11.1298
1005,-8.1952,-2.8217,-11.355
1006,-7.6658,-3.0065,-11.5466
1007,-7.1966,-3.1528,-11.7089
1008,-6.8526,-3.1757,-11.8479
1009,-6.5493,-3.1874,-11.9632
1010,-6.2242,-3.2835,-12.0557
1011,-5.9285,-3.4676,-12.1156
1012,-5.6622,-3.5696,-12.0977
1013,-5.278,-3.5653,-12.0049
1014,-4.8902,-3.7039,-11.8502
1015,-4.5279,-3.834,-11.6355
1016,-4.1695,-3.9485,-11.4188
1017,-3.8964,-4.0623,-11.2202
1018,-3.7627,-4.12,-11.0346
1019,-3.7487,-4.207,-10.8744
1020,-3.8758,-4.2644,-10.7736
1021,-4.143,-4.2529,-10.7178
1022,-4.5445,-4.0675,-10.6604
1023,-5.0266,-3.9648,-10.6288
1024,-5.6662,-3.809,-10.6893
1025,-6.3585,-3.6876,-10.7995
1026,-6.9242,-3.5639,-10.9633
1027,-7.3241,-3.478,-11.1768
1028,-7.4676,-3.4159,-11.3982
1029,-7.3976,-3.4149,-11.6282
1030,-7.1353,-3.4708,-11.8547
1031,-6.7136,-3.5626,-12.0483
1032,-6.1632,-3.7534,-12.2366
1033,-5.6017,-4.0048,-12.3907
1034,-5.1029,-4.1518,-12.4876
1035,-4.6748,-4.1114,-12.561
1036,-4.2761,-4.1261,-12.6534
1037,-4.0168,-4.2203,-12.7163
1038,-3.8541,-4.1864,-12.7327
1039,-3.7657,-4.2067,-12.6446
1040,-3.609,-4.1518,-12.4785
1041,-3.4066,-4.1351,-12.2585
1042,-3.2181,-4.1577,-12.0192
1043,-3.1142,-4.1435,-11.7869
1044,-3.1858,-4.1104,-11.554
1045,-3.4215,-4.1199,-11.3507
1046,-3.8607,-4.0976,-11.2077
1047,-4.5588,-3.871,-11.0987
1048,-5.2086,-3.7908,-10.96
1049,-6.0125,-3.6609,-10.9168
1050,-6.9174,-3.4559,-10.947
1051,-7.7781,-3.268,-11.0025
1052,-8.4733,-3.0956,-11.1171
1053,-8.891,-3.003,-11.2727
1054,-9.0158,-2.9565,-11.4563
1055,-8.9117,-2.9742,-11.6513
1056,-8.6046,-3.0406,-11.845
1057,-8.1166,-3.1635,-12.0391
1058,-7.442,-3.4142,-12.2364
1059,-6.6843,-3.7453,-12.4106
1060,-6.0,-3.9875,-12.5138
1061,-5.5,-3.9488,-12.5833
1062,-5.0639,-3.8583,-12.697
1063,-4.7294,-3.9829,-12.809
1064,-4.519,-3.9777,-12.8999
1065,-4.3622,-4.0425,-12.8627
1066,-4.0864,-4.0071,-12.7347
1067,-3.8028,-3.9836,-12.5249
1068,-3.5767,-4.1106,-12.2663
1069,-3.4004,-4.1186,-12.0349
1070,-3.4081,-4.0095,-11.8222
1071,-3.6638,-3.9423,-11.6157
1072,-4.1203,-3.8894,-11.457
1073,-4.8158,-3.657,-11.3564
1074,-5.4167,-3.534,-11.2237
1075,-6.117,-3.4708,-11.1605
1076,-6.9324,-3.3114,-11.2059
1077,-7.7811,-3.1879,-11.286
1078,-8.4684,-2.9664,-11.4111
1079,-8.912,-2.8596,-11.5886
1080,-9.0598,-2.7946,-11.7808
1081,-8.891,-2.8027,-11.9706
1082,-8.4543,-2.847,-12.1566
1083,-7.8301,-2.9561,-12.3413
1084,-7.0707,-3.1545,-12.5066
1085,-6.2077,-3.4381,-12.6558
1086,-5.3203,-3.7695,-12.7555
1087,-4.6217,-3.9203,-12.7874
1088,-4.075,-3.8002,-12.8262
1089,-3.722,-3.7714,-12.8669
1090,-3.5362,-3.7295,-12.8838
1091,-3.3984,-3.7378,-12.8075
1092,-3.2441,-3.7699,-12.6425
1093,-3.1155,-3.7795,-12.4031
1094,-3.0353,-3.7716,-12.1112
1095,-3.0264,-3.7413,-11.808
1096,-3.0903,-3.7524,-11.5315
1097,-3.3131,-3.7851,-11.3094
1098,-3.7523,-3.7959,-11.1541
1099,-4.4683,-3.4787,-11.0152
1100,-5.1983,-3.446,-10.901
1101,-6.0706,-3.3297,-10.8755
1102,-6.9696,-3.1361,-10.9357
1103,-7.8661,-2.9754,-11.0362
1104,-8.5672,-2.8424,-11.2081
1105,-9.04,-2.7794,-11.4403
1106,-9.2327,-2.729,-11.7009
1107,-9.1603,-2.7539,-11.954
1108,-8.867,-2.8097,-12.2105
1109,-8.3887,-2.9331,-12.4699
1110,-7.7696,-3.1507,-12.7156
1111,-7.0545,-3.4626,-12.9407
1112,-6.4058,-3.7213,-13.0894
1113,-5.9382,-3.6585,-13.1814
1114,-5.4908,-3.5073,-13.2901
1115,-5.1794,-3.5713,-13.3913
1116,-4.9755,-3.4682,-13.4611
1117,-4.7965,-3.462,-13.4198
1118,-4.5388,-3.446,-13.2779
1119,-4.2684,-3.411,-13.0589
1120,-4.0297,-3.4812,-12.7879
1121,-3.7661,-3.5372,-12.5289
1122,-3.675,-3.4909,-12.2871
1123,-3.7503,-3.4857,-12.064
1124,-4.0046,-3.4734,-11.8855
1125,-4.4837,-3.3917,-11.7556
1126,-5.0285,-3.2142,-11.6058
1127,-5.6536,-3.1677,-11.4997
1128,-6.4208,-3.0962,-11.5345
1129,-7.346,-2.9503,-11.5753
1130,-8.0864,-2.7991,-11.6565
1131,-8.5543,-2.7375,-11.8002
1132,-8.742,-2.708,-11.9584
1133,-8.625,-2.7404,-12.1245
1134,-8.2374,-2.8161,-12.2758
1135,-7.6589,-2.9294,-12.421
1136,-6.9236,-3.1817,-12.574
1137,-6.0733,-3.5606,-12.7078
1138,-5.1674,-3.984,-12.8308
1139,-4.4556,-4.2347,-12.8939
1140,-3.9706,-4.0852,-12.9569
1141,-3.621,-4.0135,-13.053
1142,-3.3925,-4.1068,-13.1472
1143,-3.1922,-4.0361,-13.2049
1144,-2.9882,-4.0594,-13.1386
1145,-2.6604,-3.96,-12.9869
1146,-2.3748,-3.9627,-12.7755
1147,-2.1438,-4.0062,-12.5452
1148,-2.0199,-4.0115,-12.3354
1149,-2.1092,-3.9446,-12.1255
1150,-2.3262,-3.9551,-11.9548
1151,-2.6942,-3.9109,-11.8485
1152,-3.291,-3.5068,-11.7522
1153,-3.8809,-3.4549,-11.6718
1154,-4.6543,-3.3358,-11.672
1155,-5.4957,-3.1638,-11.7358
1156,-6.3627,-3.0182,-11.8123
1157,-7.0581,-2.86,-11.9431
1158,-7.5212,-2.8164,-12.1321
1159,-7.6892,-2.7695,-12.3264
1160,-7.5678,-2.8054,-12.5191
1161,-7.2081,-2.9028,-12.7022
1162,-6.6861,-3.0427,-12.8789
1163,-6.0178,-3.268,-13.0397
1164,-5.2748,-3.6043,-13.1734
1165,-4.6028,-3.8992,-13.2647
1166,-4.1093,-3.9013,-13.3144
1167,-3.73,-3.8002,-13.3793
1168,-3.5217,-3.8362,-13.4361
1169,-3.4313,-3.8245,-13.4492
1170,-3.355,-3.7517,-13.373
1171,-3.2109,-3.7925,-13.1837
1172,-2.9614,-3.7836,-12.9247
1173,-2.6573,-3.827,-12.6534
1174,-2.3869,-3.841,-12.3979
1175,-2.2876,-3.7861,-12.1534
1176,-2.3531,-3.7629,-11.9497
1177,-2.6618,-3.7002,-11.8136
1178,-3.263,-3.3208,-11.6969
1179,-3.9035,-3.2825,-11.5941
1180,-4.6851,-3.1898,-11.5887
1181,-5.562,-3.033,-11.6867
1182,-6.4179,-2.8113,-11.803
1183,-7.1001,-2.613,-11.9829
1184,-7.5238,-2.5263,-12.1776
1185,-7.6377,-2.4721,-12.3821
1186,-7.4665,-2.4767,-12.558
1187,-7.0354,-2.5095,-12.7102
1188,-6.4321,-2.6379,-12.8751
1189,-5.7356,-2.8615,-13.0154
1190,-4.9905,-3.1615,-13.13
1191,-4.325,-3.3979,-13.2063
1192,-3.7619,-3.4424,-13.2614
1193,-3.2334,-3.4125,-13.3257
1194,-2.7772,-3.5407,-13.3995
1195,-2.4295,-3.7179,-13.4485
1196,-2.1608,-3.8083,-13.415
1197,-1.9362,-3.8447,-13.3173
1198,-1.747,-3.9356,-13.1594
1199,-1.6451,-4.0069,-12.9314
1200,-1.5882,-4.0045,-12.6924
1201,-1.6012,-4.0698,-12.4592
1202,-1.7785,-4.0459,-12.2467
1203,-2.136,-3.7383,-12.0385
1204,-2.6344,-3.7911,-11.8829
1205,-3.4393,-3.7471,-11.8353
1206,-4.3867,-3.6982,-11.918
1207,-5.4397,-3.4672,-11.9998
1208,-6.428,-3.1723,-12.1238
1209,-7.2029,-2.9509,-12.2727
1210,-7.6633,-2.8273,-12.4395
1211,-7.8149,-2.7962,-12.6152
1212,-7.6952,-2.8075,-12.7767
1213,-7.3413,-2.8404,-12.9295
1214,-6.809,-2.9667,-13.1017
1215,-6.1674,-3.2118,-13.275
1216,-5.4083,-3.5073,-13.4481
1217,-4.6679,-3.7428,-13.5816
1218,-4.0889,-3.7059,-13.6767
1219,-3.6409,-3.4559,-13.7727
1220,-3.2465,-3.4304,-13.8791
1221,-2.9173,-3.5358,-13.9756
1222,-2.6086,-3.6443,-14.0067
1223,-2.311,-3.6767,-13.9592
1224,-2.0365,-3.6921,-13.8306
1225,-1.8175,-3.7703,-13.6069
1226,-1.6608,-3.805,-13.3592
1227,-1.5659,-3.8237,-13.1242
1228,-1.6432,-3.8801,-12.9071
1229,-1.9358,-3.9094,-12.724
1230,-2.509,-3.4415,-12.5548
1231,-3.1192,-3.4401,-12.4243
1232,-3.9703,-3.3507,-12.3776
1233,-4.9004,-3.2463,-12.4808
1234,-6.009,-3.0217,-12.6101
1235,-7.1105,-2.7516,-12.7593
1236,-7.9369,-2.4856,-12.9459
1237,-8.4182,-2.2965,-13.1532
1238,-8.5537,-2.1998,-13.3556
1239,-8.404,-2.177,-13.5406
1240,-8.0338,-2.1994,-13.6989
1241,-7.5067,-2.2877,-13.8437
1242,-6.814,-2.4736,-13.9883
1243,-5.9689,-2.783,-14.127
1244,-5.0883,-3.0756,-14.2198
1245,-4.3322,-3.1765,-14.2328
1246,-3.7309,-2.995,-14.2454
1247,-3.2892,-2.9113,-14.2601
1248,-2.9986,-2.8505,-14.26
1249,-2.7736,-2.8157,-14.1909
1250,-2.6162,-2.7964,-14.0179
1251,-2.4548,-2.7894,-13.777
1252,-2.4009,-2.764,-13.4683
1253,-2.4552,-2.6399,-13.1333
1254,-2.6844,-2.5621,-12.8389
1255,-3.1249,-2.4855,-12.5877
1256,-3.8558,-2.1715,-12.3589
1257,-4.7091,-2.2332,-12.1862
1258,-5.5989,-2.3269,-12.119
1259,-6.5481,-2.1471,-12.1914
1260,-7.6458,-1.9843,-12.2882
1261,-8.6899,-1.7408,-12.4036
1262,-9.4147,-1.5418,-12.554
1263,-9.747,-1.4044,-12.7198
1264,-9.7569,-1.3614,-12.885
1265,-9.528,-1.3952,-13.0159
1266,-9.0964,-1.4717,-13.1138
1267,-8.5009,-1.6529,-13.2171
1268,-7.75,-1.946,-13.325
1269,-6.8298,-2.3193,-13.4304
1270,-5.8612,-2.7096,-13.4952
1271,-5.0523,-2.9078,-13.4747
1272,-4.3752,-2.6974,-13.4581
1273,-3.8138,-2.5914,-13.4935
1274,-3.4975,-2.5539,-13.5536
1275,-3.2642,-2.5524,-13.5593
1276,-3.0665,-2.5996,-13.4485
1277,-2.8024,-2.511,-13.266
1278,-2.7005,-2.5502,-13.0018
1279,-2.66,-2.4761,-12.6562
1280,-2.6934,-2.4087,-12.3124
1281,-2.8702,-2.4269,-12.0242
1282,-3.2318,-2.407,-11.8039
1283,-3.8889,-2.1613,-11.6092
1284,-4.605,-2.0461,-11.4229
1285,-5.4681,-2.0301,-11.3168
1286,-6.3217,-1.9582,-11.3638
1287,-7.2734,-1.811,-11.4443
1288,-8.1986,-1.6891,-11.5499
1289,-8.8308,-1.5742,-11.6945
1290,-9.1082,-1.5183,-11.8709
1291,-9.0597,-1.5428,-12.0562
1292,-8.754,-1.6562,-12.2215
1293,-8.2343,-1.7961,-12.3676
1294,-7.5635,-1.9669,-12.5101
1295,-6.7862,-2.2417,-12.6486
1296,-5.8691,-2.599,-12.7604
1297,-4.8461,-2.9957,-12.8276
1298,-3.9067,-3.2524,-12.818
1299,-3.0867,-3.1529,-12.8171
1300,-2.5799,-2.9795,-12.8499
1301,-2.3771,-2.9438,-12.8581
1302,-2.2352,-2.8037,-12.8234
1303,-2.2257,-2.824,-12.665
1304,-2.1921,-2.7744,-12.4217
1305,-2.2848,-2.6949,-12.1293
1306,-2.4801,-2.5452,-11.8229
1307,-2.8099,-2.3547,-11.5513
1308,-3.304,-2.2178,-11.3337
1309,-4.081,-1.8632,-11.1473
1310,-4.9232,-1.8797,-10.9946
1311,-5.7253,-1.9166,-10.9819
1312,-6.6544,-1.7826,-11.0779
1313,-7.6736,-1.6431,-11.1997
1314,-8.5718,-1.4204,-11.3616
1315,-9.1629,-1.2877,-11.5581
1316,-9.415,-1.1924,-11.7647
1317,-9.3453,-1.1839,-11.9751
1318,-9.0305,-1.2352,-12.1542
1319,-8.5062,-1.3229,-12.3181
1320,-7.84,-1.5279,-12.4771
1321,-7.0381,-1.8368,-12.6377
1322,-6.1544,-2.1701,-12.7632
1323,-5.3189,-2.3919,-12.8374
1324,-4.6515,-2.296,-12.8893
1325,-4.0209,-2.2298,-12.9925
1326,-3.5074,-2.4209,-13.1018
1327,-3.1075,-2.628,-13.1824
1328,-2.7912,-2.7326,-13.1989
1329,-2.5018,-2.8034,-13.1243
1330,-2.1949,-2.921,-12.9606
1331,-1.9684,-2.9834,-12.7346
1332,-1.8169,-3.0707,-12.5085
1333,-1.8098,-3.1748,-12.3046
1334,-2.0502,-3.2143,-12.137
1335,-2.5467,-3.1428,-12.0071
1336,-3.2488,-2.6581,-11.8783
1337,-4.0293,-2.62,-11.7964
1338,-4.905,-2.5259,-11.811
1339,-5.8396,-2.3657,-11.9698
1340,-6.9256,-2.1319,-12.1289
1341,-7.9505,-1.8767,-12.2758
1342,-8.6624,-1.6526,-12.4592
1343,-9.015,-1.5009,-12.6527
1344,-9.018,-1.4791,-12.8337
1345,-8.736,-1.5311,-13.0019
1346,-8.2446,-1.6335,-13.1449
1347,-7.5976,-1.7646,-13.2761
1348,-6.7827,-2.0133,-13.4071
1349,-5.7976,-2.3877,-13.5175
1350,-4.7692,-2.7349,-13.5771
1351,-3.8507,-2.8197,-13.5809
1352,-3.0227,-2.6625,-13.6284
1353,-2.4029,-2.7459,-13.7041
1354,-2.0003,-2.8535,-13.7879
1355,-1.6882,-2.9263,-13.7864
1356,-1.3635,-3.0273,-13.6911
1357,-1.0241,-3.0505,-13.538
1358,-0.8318,-3.0915,-13.2963
1359,-0.7276,-3.0785,-13.0159
1360,-0.7469,-3.0412,-12.7506
1361,-0.9759,-3.0591,-12.537
1362,-1.4668,-2.9849,-12.3755
1363,-2.185,-2.5695,-12.2177
1364,-3.051,-2.5689,-12.1494
1365,-3.9167,-2.5065,-12.1832
1366,-4.8413,-2.3753,-12.3428
1367,-5.9249,-2.1792,-12.5211
1368,-6.9854,-1.9423,-12.6984
1369,-7.7716,-1.7265,-12.8994
1370,-8.2218,-1.5573,-13.1043
1371,-8.3548,-1.4925,-13.3037
1372,-8.1914,-1.508,-13.4779
1373,-7.8187,-1.5643,-13.6151
1374,-7.2922,-1.6673,-13.7312
1375,-6.6372,-1.8549,-13.8409
1376,-5.8317,-2.1199,-13.9162
1377,-4.9957,-2.3532,-13.9313
1378,-4.2093,-2.4166,-13.915
1379,-3.5331,-2.2863,-13.9309
1380,-3.0162,-2.3019,-13.9632
1381,-2.6229,-2.3558,-13.9977
1382,-2.3111,-2.4384,-13.9393
1383,-1.9757,-2.4513,-13.8204
1384,-1.6838,-2.4607,-13.652
1385,-1.4944,-2.5029,-13.4121
1386,-1.3792,-2.4818,-13.1621
1387,-1.4141,-2.4984,-12.9258
1388,-1.688,-2.5616,-12.7145
1389,-2.1618,-2.4642,-12.516
1390,-2.743,-2.2288,-12.3302
1391,-3.4471,-2.2544,-12.2021
1392,-4.3182,-2.2585,-12.1956
1393,-5.2663,-2.1158,-12.2594
1394,-6.2715,-1.9273,-12.3276
1395,-7.1284,-1.7228,-12.4306
1396,-7.7156,-1.6084,-12.5717
1397,-7.9904,-1.5507,-12.7296
1398,-7.9776,-1.5553,-12.8772
1399,-7.7273,-1.5994,-13.0022
1400,-7.2966,-1.6889,-13.1161
1401,-6.7029,-1.8566,-13.2379
1402,-5.9719,-2.1071,-13.3239
1403,-5.1425,-2.3653,-13.3824
1404,-4.3758,-2.4974,-13.3803
1405,-3.6864,-2.4,-13.4023
1406,-3.1481,-2.3521,-13.4632
1407,-2.778,-2.3713,-13.5396
1408,-2.5251,-2.3186,-13.576
1409,-2.3831,-2.4156,-13.5174
1410,-2.2192,-2.4394,-13.4148
1411,-2.2172,-2.5,-13.2641
1412,-2.372,-2.498,-13.0762
1413,-2.7364,-2.4869,-12.9054
1414,-3.3787,-2.4954,-12.7788
1415,-4.2636,-2.5033,-12.6989
1416,-5.3325,-2.3432,-12.6414
1417,-6.4301,-1.9964,-12.5827
1418,-7.359,-1.9158,-12.563
1419,-8.3318,-1.7088,-12.6544
1420,-9.3862,-1.5687,-12.7812
1421,-10.4462,-1.3283,-12.9153
1422,-11.2114,-1.137,-13.0799
1423,-11.6853,-1.0373,-13.2628
1424,-11.8181,-1.0133,-13.4533
1425,-11.6779,-1.0188,-13.6199
1426,-11.2791,-1.0434,-13.7795
1427,-10.6773,-1.1362,-13.9387
1428,-9.8996,-1.3202,-14.0897
1429,-8.9225,-1.5915,-14.2267
1430,-7.8004,-1.9033,-14.3259
1431,-6.6228,-2.2162,-14.3823
1432,-5.6591,-2.2932,-14.3975
1433,-4.8785,-2.0882,-14.4639
1434,-4.4512,-2.0209,-14.5624
1435,-4.27,-2.138,-14.6195
1436,-4.1292,-2.1676,-14.6357
1437,-4.1605,-2.0898,-14.5709
1438,-4.3121,-2.1159,-14.4401
1439,-4.6285,-1.9598,-14.2484
1440,-5.1055,-1.9001,-14.0635
1441,-5.7374,-1.9555,-13.936
1442,-6.5139,-1.9114,-13.8622
1443,-7.4674,-1.5779,-13.7906
1444,-8.2816,-1.4321,-13.7307
1445,-9.1531,-1.3476,-13.7734
1446,-10.1435,-1.1523,-13.8499
1447,-11.1389,-0.9901,-13.9804
1448,-11.961,-0.7532,-14.1374
1449,-12.5152,-0.5949,-14.3136
1450,-12.7818,-0.4941,-14.4885
1451,-12.7536,-0.5045,-14.6707
1452,-12.4901,-0.5731,-14.8389
1453,-12.0083,-0.669,-15.004
1454,-11.3574,-0.8533,-15.1649
1455,-10.5719,-1.1061,-15.3153
1456,-9.6359,-1.3977,-15.4464
1457,-8.552,-1.6906,-15.523
1458,-7.4583,-1.8587,-15.5271
1459,-6.5285,-1.7859,-15.528
1460,-5.8907,-1.6511,-15.5521
1461,-5.3414,-1.8708,-15.5181
1462,-4.8853,-2.0465,-15.4595
1463,-4.5669,-2.099,-15.3237
1464,-4.3481,-2.1373,-15.1437
1465,-4.2236,-2.0557,-14.9276
1466,-4.0894,-1.9069,-14.7022
1467,-4.0573,-1.8363,-14.4793
1468,-4.1424,-1.8059,-14.2843
1469,-4.4445,-1.6321,-14.1168
1470,-4.7998,-1.5692,-13.9848
1471,-5.408,-1.5627,-13.9989
1472,-6.233,-1.4723,-14.0659
1473,-7.1326,-1.3094,-14.1558
1474,-7.8494,-1.0592,-14.2695
1475,-8.3366,-0.9125,-14.3767
1476,-8.4993,-0.8426,-14.486
1477,-8.3996,-0.8542,-14.6146
1478,-8.119,-0.8682,-14.7297
1479,-7.6689,-0.9656,-14.8459
1480,-7.1153,-1.1217,-14.952
1481,-6.4648,-1.3485,-15.0484
1482,-5.763,-1.5203,-15.1107
1483,-5.0973,-1.5396,-15.1499
1484,-4.4133,-1.5509,-15.2086
1485,-3.8652,-1.6198,-15.2691
1486,-3.4332,-1.7253,-15.3184
1487,-3.1262,-1.8388,-15.3291
1488,-2.8936,-1.9306,-15.2817
1489,-2.6821,-1.9618,-15.1845
1490,-2.5055,-1.9745,-15.0343
1491,-2.3858,-1.9838,-14.8585
1492,-2.348,-1.9481,-14.6653
1493,-2.5044,-1.8707,-14.4609
1494,-2.9175,-1.7585,-14.2737
1495,-3.4264,-1.7301,-14.1109
1496,-4.128,-1.7408,-14.0559
1497,-5.0807,-1.673,-14.0782
1498,-6.1247,-1.4754,-14.1093
1499,-7.0782,-1.2113,-14.1562
1500,-7.8137,-0.9797,-14.2085
1501,-8.2597,-0.8658,-14.2636
1502,-8.4265,-0.786,-14.3375
1503,-8.3941,-0.7983,-14.4168
1504,-8.2018,-0.8576,-14.4722
1505,-7.8379,-1.0125,-14.5271
1506,-7.3355,-1.2254,-14.5877
1507,-6.7133,-1.4471,-14.6412
1508,-6.0309,-1.6325,-14.6753
1509,-5.4141,-1.697,-14.6912
1510,-4.8248,-1.6312,-14.7391
1511,-4.3161,-1.6866,-14.8176
1512,-3.9166,-1.8645,-14.8574
1513,-3.4982,-2.0597,-14.8872
1514,-3.1703,-2.2127,-14.8688
1515,-2.8951,-2.2864,-14.7804
1516,-2.6426,-2.3085,-14.6208
1517,-2.4612,-2.3807,-14.44
1518,-2.3775,-2.4401,-14.272
1519,-2.4399,-2.4455,-14.1102
1520,-2.7303,-2.3751,-13.944
1521,-3.1162,-2.2459,-13.7842
1522,-3.6317,-2.0119,-13.6394
1523,-4.1094,-1.8832,-13.539
1524,-4.8105,-1.8115,-13.5363
1525,-5.6798,-1.6376,-13.5658
1526,-6.505,-1.4183,-13.6273
1527,-7.1454,-1.1941,-13.7111
1528,-7.5093,-1.0641,-13.8045
1529,-7.5802,-1.001,-13.91
1530,-7.3931,-1.0307,-14.0175
1531,-7.0202,-1.0931,-14.1062
1532,-6.489,-1.2159,-14.2021
1533,-5.8461,-1.446,-14.3137
1534,-5.1108,-1.718,-14.4073
1535,-4.3332,-1.9355,-14.4673
1536,-3.6233,-2.0268,-14.4943
1537,-3.0024,-1.9233,-14.5328
1538,-2.387,-1.9504,-14.6257
1539,-1.9415,-2.142,-14.7212
1540,-1.5639,-2.3141,-14.7549
1541,-1.194,-2.4218,-14.7487
1542,-0.9227,-2.4425,-14.6755
1543,-0.6752,-2.539,-14.5471
1544,-0.5206,-2.5291,-14.3992
1545,-0.4234,-2.5089,-14.2585
1546,-0.5661,-2.5124,-14.1094
1547,-0.9684,-2.3797,-13.9509
1548,-1.5199,-2.0285,-13.7861
1549,-2.1758,-2.0349,-13.6523
1550,-3.0759,-1.9497,-13.6812
1551,-4.1769,-1.8215,-13.7376
1552,-5.3376,-1.5656,-13.778
1553,-6.3506,-1.2672,-13.8214
1554,-7.1036,-1.0546,-13.8691
1555,-7.5282,-0.9255,-13.912
1556,-7.6256,-0.8802,-13.947
1557,-7.485,-0.9213,-13.9717
1558,-7.1528,-0.9973,-13.9816
1559,-6.6542,-1.1557,-14.0107
1560,-5.9928,-1.4168,-14.0672
1561,-5.2347,-1.6759,-14.1185
1562,-4.4907,-1.8833,-14.1538
1563,-3.9663,-1.8499,-14.1847
1564,-3.5272,-1.6877,-14.2715
1565,-3.1227,-1.7416,-14.4061
1566,-2.7704,-1.9279,-14.5171
1567,-2.3477,-2.1065,-14.5998
1568,-2.0217,-2.19,-14.6099
1569,-1.731,-2.2862,-14.5536
1570,-1.4715,-2.3215,-14.4369
1571,-1.2433,-2.408,-14.2973
1572,-1.116,-2.541,-14.1648
1573,-1.2005,-2.6146,-14.0354
1574,-1.5522,-2.6208,-13.9137
1575,-2.0975,-2.4855,-13.7842
1576,-2.7377,-2.2145,-13.6613
1577,-3.3742,-2.1636,-13.5645
1578,-4.13,-2.0397,-13.5195
1579,-5.027,-1.9254,-13.564
1580,-5.9923,-1.7205,-13.5842
1581,-6.8089,-1.5405,-13.6209
1582,-7.3674,-1.4068,-13.6787
1583,-7.6261,-1.3222,-13.7508
1584,-7.6016,-1.3422,-13.818
1585,-7.3364,-1.4069,-13.8607
1586,-6.8893,-1.507,-13.9048
1587,-6.3122,-1.6787,-13.9585
1588,-5.5952,-1.9708,-14.0208
1589,-4.7588,-2.3431,-14.0631
1590,-3.9553,-2.6334,-14.0663
1591,-3.2966,-2.6468,-14.0404
1592,-2.7564,-2.4609,-14.0635
1593,-2.4596,-2.5149,-14.0939
1594,-2.2654,-2.4764,-14.1274
1595,-2.0949,-2.4672,-14.0782
1596,-1.8313,-2.4891,-13.944
1597,-1.5184,-2.4682,-13.7736
1598,-1.2631,-2.4867,-13.5911
1599,-1.0881,-2.4181,-13.3925
1600,-1.0654,-2.3433,-13.1897
1601,-1.2329,-2.3472,-13.0184
1602,-1.6431,-2.2167,-12.855
1603,-2.192,-1.9936,-12.7035
1604,-2.762,-1.9562,-12.5842
1605,-3.2843,-2.0815,-12.5573
1606,-4.0668,-1.9813,-12.583
1607,-4.8807,-1.9002,-12.604
1608,-5.5405,-1.7801,-12.6532
1609,-5.9904,-1.7681,-12.7359
1610,-6.1588,-1.7944,-12.8427
1611,-6.0443,-1.9016,-12.951
1612,-5.7072,-2.0177,-13.0556
1613,-5.2193,-2.1751,-13.1607
1614,-4.6036,-2.3802,-13.2477
1615,-3.9181,-2.6223,-13.3197
1616,-3.2819,-2.7768,-13.3648
1617,-2.732,-2.7766,-13.4044
1618,-2.2775,-2.7205,-13.4596
1619,-1.8969,-2.7808,-13.507
1620,-1.5962,-2.804,-13.5321
1621,-1.3478,-2.8612,-13.4701
1622,-0.9809,-2.8525,-13.3671
1623,-0.59,-2.896,-13.2451
1624,-0.2588,-2.9136,-13.092
1625,0.0219,-2.8769,-12.9434
1626,0.1814,-2.8586,-12.8148
1627,0.1165,-2.8455,-12.7042
1628,-0.1692,-2.8105,-12.5912
1629,-0.5684,-2.6677,-12.4729
1630,-1.0497,-2.5335,-12.384
1631,-1.5725,-2.441,-12.3222
1632,-2.2018,-2.3799,-12.3142
1633,-2.8966,-2.238,-12.3126
1634,-3.4982,-2.0847,-12.3197
1635,-3.9675,-2.0278,-12.3547
1636,-4.2407,-2.0475,-12.4112
1637,-4.2877,-2.1068,-12.4815
1638,-4.1454,-2.2067,-12.5619
1639,-3.8785,-2.3321,-12.6361
1640,-3.4946,-2.4932,-12.7058
1641,-3.0874,-2.6907,-12.7817
1642,-2.7172,-2.7885,-12.8377
1643,-2.3306,-2.7966,-12.8751
1644,-1.9501,-2.8153,-12.901
1645,-1.4477,-2.9313,-12.9232
1646,-0.9439,-3.0018,-12.9621
1647,-0.5344,-3.0983,-12.9314
1648,-0.0071,-3.1608,-12.8585
1649,0.488,-3.2488,-12.7764
1650,0.9305,-3.3822,-12.6994
1651,1.293,-3.4144,-12.629
1652,1.5584,-3.3116,-12.5386
1653,1.7318,-3.3486,-12.457
1654,1.7083,-3.3846,-12.3967
1655,1.5311,-3.3683,-12.3305
1656,1.2309,-3.2494,-12.2716
1657,0.8559,-3.1193,-12.2075
1658,0.4169,-3.0227,-12.1541
1659,-0.087,-2.9855,-12.1079
1660,-0.643,-2.9133,-12.0941
1661,-1.1722,-2.8737,-12.0905
1662,-1.5378,-2.8124,-12.0994
1663,-1.7161,-2.8222,-12.1342
1664,-1.6836,-2.8757,-12.1803
1665,-1.496,-2.9812,-12.2604
1666,-1.1621,-3.1375,-12.3487
1667,-0.7454,-3.3416,-12.4391
1668,-0.3056,-3.5825,-12.5242
1669,0.0822,-3.791,-12.5961
1670,0.3902,-3.8029,-12.6767
1671,0.6844,-3.7905,-12.7488
1672,0.9896,-3.8654,-12.8067
1673,1.2159,-3.8657,-12.8475
1674,1.4344,-3.8457,-12.8338
1675,1.6605,-3.7535,-12.7595
1676,1.9277,-3.7273,-12.647
1677,2.2192,-3.7201,-12.5263
1678,2.4854,-3.7276,-12.4366
1679,2.5744,-3.7248,-12.3671
1680,2.4896,-3.6479,-12.2946
1681,2.3072,-3.6073,-12.2183
1682,2.0017,-3.5786,-12.1912
1683,1.594,-3.428,-12.1699
1684,1.1662,-3.3358,-12.1592
1685,0.6764,-3.2974,-12.1747
1686,0.1237,-3.2189,-12.2325
1687,-0.4017,-3.1901,-12.2932
1688,-0.7962,-3.0948,-12.3762
1689,-1.0238,-3.1007,-12.4617
1690,-1.0402,-3.1071,-12.5433
1691,-0.9122,-3.1785,-12.6361
1692,-0.6936,-3.284,-12.7146
1693,-0.4406,-3.4166,-12.7802
1694,-0.2474,-3.5589,-12.8453
1695,-0.1017,-3.6686,-12.8991
1696,0.0404,-3.6938,-12.9185
1697,0.242,-3.7127,-12.9073
1698,0.4553,-3.681,-12.8802
1699,0.7152,-3.6853,-12.8337
1700,0.954,-3.656,-12.7487
1701,1.2144,-3.5959,-12.6188
1702,1.531,-3.6047,-12.4687
1703,1.8839,-3.6262,-12.3396
1704,2.1465,-3.5953,-12.2223
1705,2.2867,-3.5298,-12.0945
1706,2.3093,-3.5137,-11.9789
1707,2.2035,-3.4724,-11.8931
1708,1.9517,-3.2464,-11.8083
1709,1.6621,-3.1955,-11.7372
1710,1.2784,-3.1243,-11.7383
1711,0.7761,-3.0599,-11.7868
1712,0.2962,-2.9957,-11.862
1713,-0.0944,-2.9216,-11.9693
1714,-0.3411,-2.9077,-12.0879
1715,-0.4189,-2.8343,-12.2056
1716,-0.394,-2.8208,-12.3272
1717,-0.3237,-2.8816,-12.4379
1718,-0.234,-2.9296,-12.554
1719,-0.1571,-2.9459,-12.671
1720,-0.0718,-2.9784,-12.7583
1721,0.0818,-2.9769,-12.8171
1722,0.3584,-2.955,-12.8596
1723,0.7272,-3.0155,-12.8955
1724,1.0952,-3.0843,-12.8883
1725,1.5448,-3.1478,-12.8712
1726,1.9202,-3.218,-12.8312
1727,2.3274,-3.3131,-12.7729
1728,2.6552,-3.3621,-12.7198
1729,2.9703,-3.3485,-12.675
1730,3.2,-3.3626,-12.6405
1731,3.355,-3.3345,-12.5907
1732,3.4169,-3.3644,-12.5544
1733,3.3611,-3.3514,-12.5342
1734,3.2078,-3.2388,-12.512
1735,2.9708,-3.2051,-12.4822
1736,2.5935,-3.1565,-12.4995
1737,2.0551,-3.0838,-12.526
1738,1.5272,-2.9746,-12.5376
1739,1.0832,-2.9118,-12.5543
1740,0.7333,-2.9049,-12.5845
1741,0.4956,-2.9393,-12.633
1742,0.3594,-2.9856,-12.7053
1743,0.2881,-3.035,-12.7814
1744,0.2649,-3.1353,-12.8642
1745,0.2354,-3.2499,-12.9593
1746,0.2149,-3.3362,-13.055
1747,0.2398,-3.3596,-13.1191
1748,0.3678,-3.3431,-13.1489
1749,0.6065,-3.295,-13.1704
1750,0.9883,-3.3295,-13.194
1751,1.3476,-3.3866,-13.2045
1752,1.7674,-3.4092,-13.1854
1753,2.2404,-3.4833,-13.1499
1754,2.74,-3.6455,-13.1305
1755,3.1467,-3.7165,-13.1052
1756,3.5263,-3.7288,-13.0831
1757,3.8579,-3.7806,-13.0956
1758,4.0771,-3.8629,-13.1253
1759,4.1709,-3.9753,-13.1653
1760,4.1348,-3.9814,-13.2107
1761,4.0653,-3.892,-13.2396
1762,3.8949,-3.8749,-13.2772
1763,3.633,-3.86,-13.3313
1764,3.3434,-3.8157,-13.3728
1765,3.0068,-3.7165,-13.4316
1766,2.7089,-3.6613,-13.4798
1767,2.5121,-3.5638,-13.5162
1768,2.4018,-3.5635,-13.5603
1769,2.3548,-3.5768,-13.6081
1770,2.3583,-3.6451,-13.6631
1771,2.3468,-3.7046,-13.709
1772,2.2961,-3.7691,-13.7609
1773,2.2451,-3.8446,-13.796
1774,2.2812,-3.8879,-13.814
1775,2.3711,-3.8875,-13.7997
1776,2.5499,-3.8694,-13.7509
1777,2.7711,-3.8516,-13.6893
1778,2.9884,-3.8952,-13.6148
1779,3.1412,-3.7946,-13.5143
1780,3.3721,-3.7819,-13.4092
1781,3.6161,-3.7193,-13.2903
1782,3.8406,-3.7149,-13.1696
1783,3.971,-3.7336,-13.0784
1784,3.987,-3.6426,-13.0031
1785,3.8978,-3.594,-12.9181
1786,3.6396,-3.5585,-12.8646
1787,3.2987,-3.5755,-12.8236
1788,2.9353,-3.5673,-12.8254
1789,2.5031,-3.5354,-12.8747
1790,2.0945,-3.4664,-12.9292
1791,1.7423,-3.474,-12.9895
1792,1.4302,-3.5016,-13.0478
1793,1.1757,-3.49,-13.1185
1794,0.9984,-3.56,-13.1739
1795,0.8856,-3.6421,-13.2273
1796,0.7754,-3.7407,-13.2859
1797,0.6752,-3.7963,-13.3251
1798,0.6383,-3.8454,-13.3375
1799,0.6473,-3.8492,-13.3404
1800,0.7758,-3.8377,-13.3408
1801,0.9303,-3.889,-13.3423
1802,1.0753,-3.8589,-13.2898
1803,1.2908,-3.8573,-13.2049
1804,1.472,-3.8412,-13.0909
1805,1.6835,-3.7773,-12.954
1806,1.8535,-3.7334,-12.8026
1807,1.9971,-3.7259,-12.6442
1808,2.0451,-3.7211,-12.4988
1809,2.0026,-3.5956,-12.3418
1810,1.886,-3.5225,-12.2034
1811,1.6703,-3.4264,-12.1074
1812,1.4281,-3.381,-12.0464
1813,1.0842,-3.2896,-12.0694
1814,0.6989,-3.2259,-12.1246
1815,0.4281,-3.1347,-12.1921
1816,0.317,-3.108,-12.2697
1817,0.3074,-3.0934,-12.3493
1818,0.3633,-3.122,-12.417
1819,0.4948,-3.2557,-12.4726
1820,0.6748,-3.4403,-12.5499
1821,0.8871,-3.597,-12.6591
1822,1.082,-3.6861,-12.7535
1823,1.2529,-3.697,-12.843
1824,1.4205,-3.7399,-12.9333
1825,1.6097,-3.8435,-13.0117
1826,1.8478,-3.8591,-13.0208
1827,2.1547,-3.9235,-12.9895
1828,2.4661,-3.9692,-12.9344
1829,2.7749,-3.9792,-12.8636
1830,3.039,-3.9301,-12.7683
1831,3.2543,-3.9404,-12.6662
1832,3.3625,-3.8958,-12.5552
1833,3.4288,-3.8083,-12.4229
1834,3.3875,-3.7659,-12.3403
1835,3.1987,-3.656,-12.2699
1836,2.9089,-3.5641,-12.2156
1837,2.3845,-3.472,-12.2448
1838,1.7579,-3.2789,-12.3033
1839,1.1794,-3.1153,-12.3889
1840,0.6748,-2.9857,-12.4926
1841,0.2776,-2.9374,-12.5817
1842,-0.004,-2.8722,-12.673
1843,-0.1696,-2.8483,-12.7599
1844,-0.2341,-2.8789,-12.8479
1845,-0.2871,-2.9622,-12.9488
1846,-0.3677,-3.0262,-13.0367
1847,-0.4433,-3.062,-13.098
1848,-0.509,-3.0402,-13.1272
1849,-0.4463,-3.0856,-13.1704
1850,-0.2886,-3.1864,-13.1774
1851,0.0873,-3.2894,-13.1654
1852,0.5091,-3.3955,-13.1356
1853,1.008,-3.5404,-13.0859
1854,1.454,-3.6747,-13.0189
1855,1.8806,-3.7956,-12.9361
1856,2.262,-3.9063,-12.8653
1857,2.5336,-3.9726,-12.7957
1858,2.6739,-4.0162,-12.7332
1859,2.6777,-4.0559,-12.6808
1860,2.5671,-3.8988,-12.6038
1861,2.3831,-3.7915,-12.5257
1862,2.06,-3.6668,-12.4775
1863,1.5928,-3.4792,-12.4308
1864,1.0343,-3.2899,-12.3801
1865,0.4634,-3.0882,-12.3682
1866,-0.1619,-2.9591,-12.408
1867,-0.7551,-2.8581,-12.4914
1868,-1.1821,-2.8169,-12.6072
1869,-1.425,-2.7735,-12.7389
1870,-1.478,-2.764,-12.8646
1871,-1.3999,-2.8302,-12.9775
1872,-1.2276,-2.9791,-13.1024
1873,-1.0185,-3.1328,-13.2426
1874,-0.8908,-3.1834,-13.343
1875,-0.8367,-3.1139,-13.4105
1876,-0.8044,-3.0664,-13.4703
1877,-0.7039,-3.0942,-13.5199
1878,-0.4975,-3.0945,-13.5563
1879,-0.2161,-3.1026,-13.5261
1880,0.2313,-3.1363,-13.4427
1881,0.7427,-3.2099,-13.3226
1882,1.2875,-3.3676,-13.2075
1883,1.7445,-3.4192,-13.0969
1884,2.0457,-3.3677,-12.9707
1885,2.1833,-3.4209,-12.8366
1886,2.1472,-3.4784,-12.7216
1887,1.9756,-3.5466,-12.6226
1888,1.6943,-3.5839,-12.5611
1889,1.2524,-3.3078,-12.509
1890,0.8788,-3.2545,-12.4207
1891,0.3743,-3.1913,-12.4114
1892,-0.2388,-3.0714,-12.4378
1893,-0.795,-2.9791,-12.4732
1894,-1.1892,-2.8873,-12.5287
1895,-1.3606,-2.8641,-12.589
1896,-1.3365,-2.8545,-12.6779
1897,-1.1675,-2.9061,-12.7875
1898,-0.882,-3.0218,-12.907
1899,-0.5835,-3.1957,-13.0296
1900,-0.2891,-3.3872,-13.1502
1901,-0.1113,-3.4534,-13.2652
1902,0.0299,-3.4043,-13.3694
1903,0.2435,-3.4422,-13.4464
1904,0.5835,-3.539,-13.4931
1905,0.9977,-3.6142,-13.5158
1906,1.3725,-3.7485,-13.4737
1907,1.8577,-3.8432,-13.4108
1908,2.3553,-4.0058,-13.3318
1909,2.7704,-4.1955,-13.2446
1910,3.063,-4.2071,-13.1588
1911,3.253,-4.2253,-13.0869
1912,3.3155,-4.2477,-13.0255
1913,3.2187,-4.2549,-12.9497
1914,3.0137,-4.1085,-12.8613
1915,2.7362,-3.8852,-12.7829
1916,2.3424,-3.8103,-12.7266
1917,1.7701,-3.691,-12.7184
1918,0.9755,-3.6047,-12.7465
1919,0.1443,-3.3991,-12.7541
1920,-0.5605,-3.2209,-12.7622
1921,-1.102,-3.1003,-12.7964
1922,-1.4006,-3.081,-12.847
1923,-1.4519,-3.1433,-12.907
1924,-1.3363,-3.2146,-12.9933
1925,-1.0923,-3.3308,-13.0986
1926,-0.7817,-3.5256,-13.1898
1927,-0.4348,-3.7784,-13.2547
1928,-0.1579,-3.901,-13.2904
1929,0.0195,-3.7493,-13.3164
1930,0.1892,-3.6857,-13.3459
1931,0.3422,-3.6995,-13.3656
1932,0.5446,-3.7214,-13.3572
1933,0.6995,-3.6878,-13.2836
1934,0.978,-3.6575,-13.1171
1935,1.3856,-3.6743,-12.9249
1936,1.8145,-3.7537,-12.7486
1937,2.1861,-3.7947,-12.5981
1938,2.39,-3.7317,-12.4384
1939,2.4459,-3.7312,-12.2759
1940,2.3348,-3.772,-12.1527
1941,2.0409,-3.7153,-12.0619
1942,1.704,-3.5616,-11.9736
1943,1.2849,-3.5559,-11.9242
1944,0.7621,-3.5216,-11.9239
1945,0.1689,-3.4788,-11.952
1946,-0.3895,-3.371,-11.9908
1947,-0.8136,-3.3144,-12.0529
1948,-1.0421,-3.2796,-12.1124
1949,-1.061,-3.2994,-12.1647
1950,-0.9467,-3.3297,-12.2059
1951,-0.754,-3.4039,-12.2275
1952,-0.5022,-3.5068,-12.2192
1953,-0.2599,-3.6049,-12.2048
1954,-0.0697,-3.6247,-12.1828
1955,0.0302,-3.5909,-12.1468
1956,0.031,-3.5142,-12.0872
1957,-0.0027,-3.4213,-11.9832
1958,-0.0267,-3.2546,-11.847
1959,0.0153,-3.1463,-11.6519
1960,0.1978,-3.0571,-11.4458
1961,0.4345,-3.0114,-11.257
1962,0.6204,-2.9278,-11.0737
1963,0.6772,-2.8913,-10.8706
1964,0.6035,-2.9279,-10.6976
1965,0.429,-2.9374,-10.5421
1966,0.2416,-2.9855,-10.4653
1967,-0.0402,-3.0536,-10.486
1968,-0.3962,-3.057,-10.5542
1969,-0.6855,-3.0801,-10.6534
1970,-0.8856,-3.157,-10.7486
1971,-0.9833,-3.1756,-10.847
1972,-1.0511,-3.2318,-10.9443
1973,-1.0916,-3.3137,-11.0326
1974,-1.1617,-3.3299,-11.1052
1975,-1.1976,-3.352,-11.1602
1976,-1.16,-3.39,-11.1846
1977,-1.036,-3.3732,-11.1711
1978,-0.8884,-3.3255,-11.13
1979,-0.7479,-3.3494,-11.0685
1980,-0.5916,-3.3305,-10.9607
1981,-0.3736,-3.3377,-10.8401
1982,-0.1462,-3.3409,-10.7031
1983,0.1344,-3.3406,-10.5569
1984,0.3807,-3.3386,-10.4067
1985,0.5805,-3.3765,-10.2667
1986,0.6903,-3.3396,-10.1289
1987,0.7048,-3.3256,-10.0257
1988,0.6216,-3.3855,-9.959
1989,0.4297,-3.4147,-9.9801
1990,0.1477,-3.4062,-10.0458
1991,-0.1391,-3.3803,-10.1472
1992,-0.3451,-3.4176,-10.2401
1993,-0.4915,-3.4267,-10.3491
1994,-0.6086,-3.444,-10.4837
1995,-0.6918,-3.5,-10.6248
1996,-0.7173,-3.5803,-10.7647
1997,-0.6976,-3.6481,-10.9049
1998,-0.6566,-3.6594,-11.0293
1999,-0.593,-3.6269,-11.1481
2000,-0.4625,-3.6994,-11.2695
2001,-0.2714,-3.7783,-11.3453
2002,0.0871,-3.8699,-11.3951
2003,0.5481,-4.0187,-11.4319
2004,1.0735,-4.1672,-11.4721
2005,1.5822,-4.2701,-11.5066
2006,2.0568,-4.4007,-11.5404
2007,2.4324,-4.5192,-11.6004
2008,2.7323,-4.5474,-11.6683
2009,2.996,-4.5675,-11.7484
2010,3.1619,-4.5201,-11.8295
2011,3.2877,-4.4317,-11.8708
2012,3.3065,-4.4034,-11.9211
2013,3.1269,-4.3144,-11.9624
2014,2.7742,-4.1379,-11.9716
2015,2.3286,-4.0129,-11.9694
2016,1.7382,-3.8937,-11.9932
2017,1.1125,-3.7491,-12.0035
2018,0.5492,-3.5995,-12.0004
2019,0.0697,-3.5345,-12.003
2020,-0.2984,-3.5785,-12.0139
2021,-0.5107,-3.6512,-12.037
2022,-0.5617,-3.7407,-12.0574
2023,-0.5502,-3.8479,-12.0642
2024,-0.5307,-3.9891,-12.0705
2025,-0.536,-4.1274,-12.0815
2026,-0.5958,-4.1696,-12.0642
2027,-0.6382,-4.1157,-12.0227
2028,-0.6056,-4.127,-11.9802
2029,-0.5183,-4.1356,-11.9487
2030,-0.2889,-4.2259,-11.9377
2031,-0.0734,-4.2739,-11.9173
2032,0.2078,-4.283,-11.8601
2033,0.5575,-4.3128,-11.8056
2034,0.891,-4.4158,-11.7886
2035,1.1703,-4.429,-11.8044
2036,1.3898,-4.4176,-11.8429
2037,1.458,-4.42,-11.8844
2038,1.4139,-4.4593,-11.915
2039,1.3184,-4.4856,-11.9854
2040,1.1683,-4.468,-12.086
2041,0.9912,-4.4162,-12.1849
2042,0.853,-4.256,-12.257
2043,0.6934,-4.1946,-12.3296
2044,0.5281,-4.1912,-12.3857
2045,0.4582,-4.1701,-12.4639
2046,0.3941,-4.1243,-12.5794
2047,0.3411,-4.0736,-12.7021
2048,0.3375,-4.0551,-12.8071
2049,0.403,-4.0598,-12.9182
2050,0.4608,-4.0736,-13.0244
2051,0.5435,-4.1414,-13.0908
2052,0.7165,-4.1839,-13.1159
2053,0.9913,-4.2428,-13.1157
2054,1.3242,-4.3286,-13.0959
2055,1.6437,-4.4305,-13.0591
2056,1.8631,-4.4505,-12.9946
2057,2.0983,-4.5305,-12.9129
2058,2.3769,-4.5535,-12.8193
2059,2.6736,-4.5838,-12.7204
2060,2.9281,-4.5874,-12.6346
2061,3.0703,-4.5717,-12.579
2062,3.0595,-4.5605,-12.5397
2063,2.8705,-4.5396,-12.5157
2064,2.5,-4.3763,-12.4934
2065,2.015,-4.2582,-12.4722
2066,1.4402,-4.1257,-12.47
2067,0.888,-4.0236,-12.4725
2068,0.4204,-3.8872,-12.475
2069,-0.0456,-3.8038,-12.5282
2070,-0.4881,-3.7956,-12.6026
2071,-0.7823,-3.8376,-12.6679
2072,-0.8901,-3.868,-12.7349
2073,-0.8996,-3.9194,-12.8037
2074,-0.8737,-4.0156,-12.8699
2075,-0.8352,-4.1684,-12.9238
2076,-0.7906,-4.3076,-12.9662
2077,-0.7231,-4.3242,-12.965
2078,-0.5587,-4.3374,-12.9431
2079,-0.2896,-4.3598,-12.9285
2080,0.1815,-4.4944,-12.9345
2081,0.6354,-4.6047,-12.9339
2082,1.1156,-4.6844,-12.8882
2083,1.6535,-4.7784,-12.8204
2084,2.1476,-4.9644,-12.7683
2085,2.5907,-5.0525,-12.7318
2086,2.9184,-5.0312,-12.6912
2087,3.1607,-5.0888,-12.6572
2088,3.2501,-5.1712,-12.653
2089,3.1716,-5.2212,-12.6609
2090,2.9577,-5.2428,-12.6976
2091,2.5789,-5.1025,-12.7378
2092,2.1448,-4.8859,-12.7609
2093,1.6449,-4.8239,-12.7882
2094,1.1047,-4.7134,-12.8553
2095,0.5483,-4.5486,-12.932
2096,0.0949,-4.3749,-13.0141
2097,-0.2392,-4.2109,-13.1064
2098,-0.4257,-4.1501,-13.2023
2099,-0.4373,-4.1595,-13.3097
2100,-0.3075,-4.2236,-13.426
2101,-0.0974,-4.3502,-13.5575
2102,0.1008,-4.5392,-13.6925
2103,0.2075,-4.6861,-13.8273
2104,0.2362,-4.6713,-13.9245
2105,0.3015,-4.6362,-13.9858
2106,0.5329,-4.6791,-14.0227
2107,0.9454,-4.7785,-14.0434
2108,1.4037,-4.8158,-14.0285
2109,1.908,-4.9043,-13.9741
2110,2.4408,-5.0404,-13.9187
2111,2.9518,-5.1786,-13.8529
2112,3.3644,-5.315,-13.787
2113,3.6798,-5.323,-13.7534
2114,3.8261,-5.2837,-13.7121
2115,3.8698,-5.3006,-13.6531
2116,3.8158,-5.3341,-13.6212
2117,3.6403,-5.3323,-13.6145
2118,3.309,-5.2636,-13.6037
2119,2.878,-4.9486,-13.554
2120,2.3138,-4.8809,-13.5231
2121,1.6143,-4.7562,-13.5455
2122,0.8413,-4.5669,-13.5516
2123,0.1689,-4.3756,-13.5462
2124,-0.3611,-4.2384,-13.5809
2125,-0.6776,-4.168,-13.6242
2126,-0.7743,-4.1745,-13.6903
2127,-0.6851,-4.2623,-13.7781
2128,-0.4297,-4.3667,-13.8724
2129,-0.0087,-4.5625,-13.9793
2130,0.4934,-4.8616,-14.0832
2131,0.9417,-5.1551,-14.1571
2132,1.203,-5.2296,-14.1934
2133,1.3717,-5.0903,-14.2491
2134,1.5295,-5.1467,-14.324
2135,1.6548,-5.2717,-14.3911
2136,1.7581,-5.2638,-14.3925
2137,1.9497,-5.1469,-14.2959
2138,2.1978,-5.0848,-14.1236
2139,2.4535,-5.0781,-13.9257
2140,2.6764,-5.0482,-13.7412
2141,2.7663,-5.0172,-13.5824
2142,2.6274,-4.9621,-13.4166
2143,2.335,-4.9756,-13.2764
2144,1.9083,-4.9396,-13.1882
2145,1.3733,-4.6877,-13.1212
2146,0.8224,-4.7193,-13.0714
2147,0.1857,-4.6921,-13.0822
2148,-0.4459,-4.5918,-13.1278
2149,-1.0632,-4.4798,-13.1811
2150,-1.5666,-4.3648,-13.278
2151,-1.8683,-4.3029,-13.3891
2152,-1.9178,-4.2794,-13.5114
2153,-1.7588,-4.3202,-13.6535
2154,-1.4366,-4.4191,-13.8034
2155,-1.0407,-4.5955,-13.9314
2156,-0.6524,-4.808,-14.0469
2157,-0.3988,-4.9307,-14.1651
2158,-0.2874,-4.8512,-14.2683
2159,-0.159,-4.8328,-14.361
2160,0.1163,-4.9236,-14.4552
2161,0.5285,-5.0378,-14.5259
2162,1.033,-5.0527,-14.547
2163,1.5664,-5.1464,-14.5162
2164,2.0985,-5.2593,-14.4795
2165,2.561,-5.4049,-14.4414
2166,2.8935,-5.537,-14.4137
2167,3.078,-5.5464,-14.3959
2168,3.1162,-5.4952,-14.3541
2169,3.0562,-5.5013,-14.3012
2170,2.9048,-5.5314,-14.2547
2171,2.7587,-5.5613,-14.2366
2172,2.5596,-5.1984,-14.2103
2173,2.301,-5.1887,-14.1862
2174,1.8532,-5.0686,-14.2171
2175,1.2542,-4.9601,-14.2902
2176,0.5916,-4.8072,-14.3423
2177,0.0474,-4.674,-14.4091
2178,-0.2928,-4.5524,-14.4974
2179,-0.4111,-4.5079,-14.6191
2180,-0.3272,-4.5392,-14.763
2181,-0.0596,-4.6226,-14.9278
2182,0.3284,-4.756,-15.1022
2183,0.7642,-4.9777,-15.2594
2184,1.1458,-5.2171,-15.3877
2185,1.3651,-5.2418,-15.495
2186,1.4601,-5.1344,-15.6022
2187,1.6182,-5.2119,-15.7072
2188,1.8823,-5.3494,-15.7986
2189,2.2135,-5.3759,-15.8545
2190,2.5865,-5.3557,-15.8142
2191,3.0295,-5.4174,-15.7084
2192,3.4451,-5.5203,-15.5936
2193,3.8356,-5.601,-15.4841
2194,4.1032,-5.6646,-15.3872
2195,4.1748,-5.7155,-15.2903
2196,4.0666,-5.7264,-15.2219
2197,3.8113,-5.6187,-15.1503
2198,3.3295,-5.3216,-15.0431
2199,2.8648,-5.3758,-14.9385
2200,2.2668,-5.2932,-14.9156
2201,1.5405,-5.2191,-14.9574
2202,0.7571,-5.0663,-15.0076
2203,0.034,-4.8847,-15.067
2204,-0.5743,-4.7292,-15.17
2205,-1.0326,-4.6175,-15.2878
2206,-1.2772,-4.563,-15.3882
2207,-1.3296,-4.4956,-15.4755
2208,-1.2553,-4.4755,-15.563
2209,-1.1314,-4.5254,-15.6362
2210,-0.9702,-4.6179,-15.6666
2211,-0.7206,-4.6915,-15.6769
2212,-0.4605,-4.6874,-15.6774
2213,-0.1653,-4.6332,-15.671
2214,0.198,-4.6769,-15.6724
2215,0.5816,-4.7425,-15.6724
2216,0.9348,-4.8068,-15.6475
2217,1.248,-4.8586,-15.5704
2218,1.62,-4.8824,-15.4733
2219,1.9777,-4.9778,-15.3682
2220,2.3202,-5.0823,-15.2705
2221,2.5997,-5.1538,-15.1941
2222,2.7266,-5.1947,-15.1201
2223,2.7035,-5.1361,-15.033
2224,2.463,-5.1236,-14.9328
2225,2.1958,-5.2712,-14.8484
2226,1.7465,-5.2468,-14.8401
2227,1.1771,-5.2134,-14.8723
2228,0.5713,-5.1061,-14.9004
2229,0.031,-4.9855,-14.9571
2230,-0.4428,-4.8546,-15.0429
2231,-0.8347,-4.7679,-15.1384
2232,-1.1079,-4.7436,-15.2366
2233,-1.2868,-4.744,-15.345
2234,-1.4133,-4.7571,-15.4462
2235,-1.5002,-4.7859,-15.5388
2236,-1.572,-4.816,-15.6181
2237,-1.5493,-4.824,-15.6863
2238,-1.437,-4.7778,-15.7288
2239,-1.2474,-4.6804,-15.7597
2240,-1.0056,-4.5886,-15.7708
2241,-0.7301,-4.5251,-15.7525
2242,-0.4869,-4.4728,-15.7006
2243,-0.2685,-4.386,-15.6026
2244,-0.0024,-4.3432,-15.4732
2245,0.244,-4.2717,-15.3098
2246,0.44,-4.2067,-15.1244
2247,0.5466,-4.1938,-14.9325
2248,0.5842,-4.222,-14.749
2249,0.5025,-4.1488,-14.5551
2250,0.3527,-4.1431,-14.4006
2251,-0.0013,-4.1389,-14.3392
2252,-0.4983,-4.0791,-14.315
2253,-1.0048,-3.9262,-14.2961
2254,-1.4462,-3.8169,-14.2926
2255,-1.7952,-3.7646,-14.3155
2256,-2.0049,-3.7799,-14.373
2257,-2.1077,-3.8467,-14.4447
2258,-2.1158,-3.897,-14.5048
2259,-2.0091,-3.987,-14.5627
2260,-1.8492,-4.1046,-14.6309
2261,-1.7008,-4.2148,-14.7068
2262,-1.6159,-4.2798,-14.792
2263,-1.5969,-4.2954,-14.8915
2264,-1.6321,-4.2426,-14.9917
2265,-1.5056,-4.2495,-15.1018
2266,-1.2588,-4.3269,-15.1843
2267,-0.8562,-4.416,-15.2224
2268,-0.3224,-4.5336,-15.2367
2269,0.241,-4.7374,-15.256
2270,0.7598,-4.8924,-15.2775
2271,1.2066,-4.9827,-15.274
2272,1.5644,-5.1151,-15.2745
2273,1.8234,-5.2136,-15.2865
2274,1.9855,-5.3041,-15.2975
2275,2.0681,-5.3886,-15.3222
2276,2.0897,-5.4264,-15.3483
2277,2.0799,-5.2683,-15.3592
2278,1.987,-4.9869,-15.352
2279,1.8023,-4.9962,-15.3195
2280,1.4535,-4.8709,-15.353
2281,0.9889,-4.7198,-15.4118
2282,0.5459,-4.5632,-15.4768
2283,0.2505,-4.398,-15.5538
2284,0.139,-4.2425,-15.6652
2285,0.1482,-4.1664,-15.8018
2286,0.2411,-4.1729,-15.9621
2287,0.373,-4.2266,-16.1421
2288,0.5201,-4.3357,-16.3232
2289,0.6451,-4.4683,-16.4983
2290,0.7027,-4.465,-16.669
2291,0.7394,-4.3304,-16.8218
2292,0.8471,-4.2939,-16.9496
2293,1.0579,-4.2977,-17.0546
2294,1.2853,-4.3461,-17.1073
2295,1.5252,-4.345,-17.0759
2296,1.8227,-4.4149,-17.0052
2297,2.158,-4.4875,-16.9202
2298,2.4912,-4.5807,-16.8261
2299,2.7332,-4.6823,-16.7279
2300,2.8697,-4.6703,-16.6228
2301,2.8592,-4.691,-16.4641
2302,2.8238,-4.6811,-16.2839
2303,2.7254,-4.7089,-16.1224
2304,2.5764,-4.768,-15.9788
2305,2.267,-4.7162,-15.9102
2306,1.7932,-4.6925,-15.8974
2307,1.2995,-4.6181,-15.9046
2308,0.8757,-4.551,-15.9529
2309,0.5679,-4.4554,-16.047
2310,0.4067,-4.4257,-16.1436
2311,0.3277,-4.386,-16.247
2312,0.2689,-4.39,-16.3801
2313,0.2018,-4.4036,-16.5251
2314,0.1107,-4.4158,-16.662
2315,0.0567,-4.3927,-16.7997
2316,0.0693,-4.3658,-16.9284
2317,0.1645,-4.361,-17.04
2318,0.3862,-4.3111,-17.131
2319,0.719,-4.3611,-17.1859
2320,1.1043,-4.4506,-17.2024
2321,1.5244,-4.5752,-17.1976
2322,2.0083,-4.6942,-17.1754
2323,2.4545,-4.8752,-17.1207
2324,2.8959,-5.0398,-17.0523
2325,3.203,-5.2277,-16.9484
2326,3.4778,-5.3419,-16.8441
2327,3.5775,-5.3961,-16.7305
2328,3.5831,-5.4271,-16.592
2329,3.5336,-5.5164,-16.4748
2330,3.3261,-5.4614,-16.3705
2331,3.0853,-5.4575,-16.277
2332,2.6961,-5.412,-16.2557
2333,2.1773,-5.3743,-16.2865
2334,1.6629,-5.2342,-16.3471
2335,1.2385,-5.082,-16.4373
2336,0.8799,-4.9779,-16.5456
2337,0.5971,-4.8664,-16.6524
2338,0.411,-4.79,-16.7655
2339,0.2524,-4.7283,-16.9041
2340,0.1261,-4.7421,-17.069
2341,-0.0349,-4.7604,-17.2255
2342,-0.1764,-4.7282,-17.3682
2343,-0.2628,-4.6039,-17.5047
2344,-0.2326,-4.5217,-17.6391
2345,-0.0563,-4.4214,-17.7421
2346,0.2099,-4.3915,-17.8069
2347,0.5208,-4.3439,-17.8117
2348,0.945,-4.398,-17.7901
2349,1.4323,-4.4352,-17.7506
2350,1.9268,-4.5241,-17.6734
2351,2.3869,-4.6255,-17.5671
2352,2.7606,-4.7516,-17.4181
2353,3.0824,-4.801,-17.2116
2354,3.2574,-4.8972,-16.9803
2355,3.37,-4.8186,-16.7247
2356,3.5125,-4.945,-16.4502
2357,3.4312,-5.0364,-16.2715
2358,3.0954,-5.1142,-16.1578
2359,2.6034,-5.0532,-16.0944
2360,1.9859,-4.9576,-16.0644
2361,1.3403,-4.838,-16.0772
2362,0.7573,-4.7101,-16.1133
2363,0.269,-4.6452,-16.1634
2364,-0.11,-4.6211,-16.2214
2365,-0.3722,-4.6106,-16.2758
2366,-0.5353,-4.6179,-16.334
2367,-0.6172,-4.6844,-16.3979
2368,-0.667,-4.7553,-16.4686
2369,-0.7753,-4.7837,-16.548
2370,-0.9571,-4.7127,-16.6533
2371,-1.175,-4.5786,-16.7768
2372,-1.3328,-4.4726,-16.8934
2373,-1.3289,-4.4409,-16.9797
2374,-1.1151,-4.3959,-17.0378
2375,-0.7315,-4.4998,-17.05
2376,-0.2327,-4.5908,-17.0364
2377,0.3699,-4.6977,-16.9912
2378,1.0189,-4.9366,-16.9285
2379,1.6062,-5.2199,-16.8814
2380,2.0814,-5.4866,-16.8488
2381,2.4548,-5.7192,-16.8162
2382,2.7624,-5.9092,-16.7609
2383,3.0557,-6.1125,-16.6958
2384,3.37,-6.2757,-16.6539
2385,3.5719,-6.2278,-16.5782
2386,3.7124,-6.3161,-16.4461
2387,3.6413,-6.4692,-16.3392
2388,3.3474,-6.4806,-16.2905
2389,2.9467,-6.4074,-16.2626
2390,2.5143,-6.316,-16.2779
2391,2.1219,-6.1863,-16.3326
2392,1.8323,-6.0854,-16.4425
2393,1.659,-6.0411,-16.5811
2394,1.6103,-6.0043,-16.7356
2395,1.6671,-5.985,-16.9123
2396,1.7758,-6.0213,-17.1077
2397,1.878,-6.1118,-17.2868
2398,1.9714,-6.2311,-17.4335
2399,1.9949,-6.2694,-17.5629
2400,1.8784,-6.1135,-17.6758
2401,1.7894,-5.9444,-17.7666
2402,1.784,-5.8485,-17.8428
2403,1.8545,-5.763,-17.8753
2404,1.9743,-5.7465,-17.8055
2405,2.2179,-5.5853,-17.6276
2406,2.515,-5.5843,-17.374
2407,2.8891,-5.5547,-17.117
2408,3.2745,-5.6659,-16.8663
2409,3.5459,-5.7772,-16.6451
2410,3.6699,-5.738,-16.4281
2411,3.8308,-5.7851,-16.2009
2412,3.8671,-5.8332,-16.0337
2413,3.636,-5.8589,-15.9364
2414,3.2188,-5.8329,-15.8772
2415,2.7131,-5.7528,-15.8413
2416,2.2405,-5.6688,-15.829
2417,1.8662,-5.6345,-15.8351
2418,1.6706,-5.6796,-15.8581
2419,1.598,-5.7244,-15.909
2420,1.5946,-5.794,-15.9938
2421,1.6152,-5.8777,-16.0973
2422,1.6514,-5.9494,-16.224
2423,1.6452,-6.0153,-16.3682
2424,1.5874,-5.9985,-16.5296
2425,1.535,-5.9501,-16.7122
2426,1.4914,-5.8879,-16.9064
2427,1.5589,-5.9222,-17.0821
2428,1.766,-5.9502,-17.2171
2429,2.067,-6.0051,-17.3156
2430,2.4338,-6.0961,-17.3757
2431,2.8334,-6.1754,-17.3856
2432,3.241,-6.3113,-17.3291
2433,3.6121,-6.4823,-17.2374
2434,3.9419,-6.6513,-17.1404
2435,4.1869,-6.8218,-17.0492
2436,4.3019,-6.9712,-16.9403
2437,4.2404,-7.0007,-16.7977
2438,4.1,-6.9236,-16.6309
2439,4.1156,-6.948,-16.5044
2440,3.9419,-6.8977,-16.471
2441,3.6009,-6.8037,-16.4768
2442,3.1075,-6.5861,-16.499
2443,2.5744,-6.4027,-16.5266
2444,2.0937,-6.22,-16.571
2445,1.7531,-6.1156,-16.6272
2446,1.5404,-6.0601,-16.7129
2447,1.4218,-5.9223,-16.8251
2448,1.4069,-5.7767,-17.0054
2449,1.3549,-5.6876,-17.214
2450,1.3107,-5.6309,-17.4263
2451,1.3153,-5.6329,-17.6501
2452,1.3426,-5.6442,-17.8486
2453,1.495,-5.5815,-18.017
2454,1.7669,-5.4821,-18.1743
2455,2.052,-5.4195,-18.3155
2456,2.316,-5.4798,-18.3933
2457,2.595,-5.4985,-18.4004
2458,2.825,-5.5632,-18.3637
2459,3.0741,-5.5879,-18.2463
2460,3.2521,-5.5866,-18.0469
2461,3.3873,-5.6651,-17.7814
2462,3.4231,-5.6695,-17.4753
2463,3.3544,-5.615,-17.1198
2464,3.3608,-5.6294,-16.7705
2465,3.2196,-5.6574,-16.4906
2466,2.85,-5.7052,-16.3261
2467,2.2966,-5.6525,-16.2419
2468,1.6309,-5.547,-16.219
2469,0.9457,-5.3641,-16.2561
2470,0.3144,-5.1851,-16.3412
2471,-0.2319,-4.9933,-16.4711
2472,-0.6637,-4.8181,-16.6237
2473,-0.9796,-4.6904,-16.7788
2474,-1.1801,-4.5961,-16.9381
2475,-1.2618,-4.5451,-17.1063
2476,-1.2431,-4.5292,-17.2685
2477,-1.1419,-4.5016,-17.4195
2478,-0.9728,-4.5144,-17.5854
2479,-0.795,-4.5181,-17.7597
2480,-0.5985,-4.533,-17.9325
2481,-0.3307,-4.5141,-18.0995
2482,0.0204,-4.5296,-18.2401
2483,0.4251,-4.613,-18.3272
2484,0.8944,-4.7242,-18.3715
2485,1.3624,-4.9863,-18.3701
2486,1.8563,-5.1221,-18.2807
2487,2.2905,-5.2546,-18.118
2488,2.6224,-5.407,-17.8817
2489,2.9157,-5.5727,-17.5903
2490,3.1164,-5.7219,-17.2812
2491,3.1637,-5.7995,-16.9858
2492,3.0869,-5.7174,-16.7101
2493,3.0652,-5.8377,-16.496
2494,2.7882,-5.8591,-16.3964
2495,2.3605,-5.8845,-16.3492
2496,1.7795,-5.7436,-16.3587
2497,1.1401,-5.515,-16.4081
2498,0.5437,-5.2919,-16.4668
2499,0.1017,-5.0931,-16.5489
2500,-0.2019,-4.9589,-16.6455
2501,-0.3841,-4.8602,-16.7422
2502,-0.5023,-4.7633,-16.8531
2503,-0.5506,-4.6968,-17.0242
2504,-0.604,-4.7093,-17.2195
2505,-0.6256,-4.709,-17.3964
2506,-0.5879,-4.6738,-17.5764
2507,-0.4997,-4.6235,-17.7587
2508,-0.3635,-4.571,-17.9195
2509,-0.129,-4.5058,-18.0599
2510,0.1769,-4.5771,-18.1653
2511,0.5224,-4.5301,-18.1869
2512,0.9306,-4.6468,-18.1505
2513,1.3904,-4.7835,-18.0593
2514,1.8354,-4.8396,-17.8574
2515,2.2507,-4.8969,-17.5618
2516,2.6296,-4.9991,-17.2161
2517,2.9317,-5.0983,-16.8442
2518,3.1749,-5.301,-16.4646
2519,3.3393,-5.3621,-16.1132
2520,3.2762,-5.5589,-15.8859
2521,2.9186,-5.6437,-15.8234
2522,2.4235,-5.655,-15.8346
2523,1.85,-5.5898,-15.8672
2524,1.3018,-5.4165,-15.9332
2525,0.8824,-5.2935,-16.0183
2526,0.6012,-5.1866,-16.1026
2527,0.4635,-5.1189,-16.1858
2528,0.4028,-5.0487,-16.283
2529,0.3935,-4.9832,-16.3952
2530,0.4251,-4.9557,-16.5335
2531,0.496,-4.9649,-16.6801
2532,0.6,-4.9856,-16.8252
2533,0.7143,-5.0026,-16.9753
2534,0.8711,-5.0205,-17.1345
2535,1.1026,-5.0379,-17.2892
2536,1.3738,-5.0068,-17.4386
2537,1.6739,-5.0778,-17.551
2538,1.9752,-5.0291,-17.58
2539,2.2742,-5.1571,-17.5759
2540,2.5048,-5.2266,-17.5205
2541,2.7333,-5.1553,-17.3772
2542,2.8667,-5.1847,-17.1467
2543,2.9582,-5.1654,-16.8595
2544,2.9796,-5.1829,-16.5427
2545,3.0866,-5.1904,-16.21
2546,3.0424,-5.2878,-15.9709
2547,2.7434,-5.3628,-15.862
2548,2.2844,-5.3718,-15.8502
2549,1.7353,-5.2655,-15.8807
2550,1.1392,-5.1279,-15.9457
2551,0.6081,-4.9503,-16.0216
2552,0.2113,-4.8325,-16.1157
2553,-0.1019,-4.7576,-16.226
2554,-0.3282,-4.7066,-16.3376
2555,-0.4734,-4.695,-16.4537
2556,-0.5285,-4.7088,-16.5884
2557,-0.5313,-4.7306,-16.7243
2558,-0.4912,-4.7624,-16.8456
2559,-0.4261,-4.7824,-16.9737
2560,-0.3366,-4.7834,-17.1171
2561,-0.2201,-4.7612,-17.2462
2562,-0.0532,-4.7066,-17.3562
2563,0.2133,-4.7463,-17.4145
2564,0.5649,-4.8078,-17.4314
2565,0.9562,-4.9591,-17.4228
2566,1.3938,-5.0658,-17.3529
2567,1.7987,-5.1642,-17.2294
2568,2.1529,-5.283,-17.0689
2569,2.474,-5.3401,-16.8825
2570,2.6558,-5.5024,-16.6477
2571,2.7534,-5.5422,-16.4083
2572,2.7632,-5.6052,-16.2189
2573,2.6424,-5.6344,-16.0842
2574,2.401,-5.6699,-15.9642
2575,2.0581,-5.6237,-15.8986
2576,1.594,-5.5265,-15.9168
2577,1.0345,-5.3963,-15.9736
2578,0.5114,-5.1882,-16.0634
2579,0.0848,-5.0419,-16.1921
2580,-0.2238,-4.9551,-16.3511
2581,-0.436,-4.9044,-16.5156
2582,-0.5734,-4.8753,-16.6867
2583,-0.6573,-4.8731,-16.8937
2584,-0.7536,-4.928,-17.1209
2585,-0.9006,-4.9677,-17.3328
2586,-1.0626,-4.9607,-17.5446
2587,-1.2187,-4.879,-17.7439
2588,-1.275,-4.7685,-17.9065
2589,-1.1386,-4.6715,-18.0204
2590,-0.817,-4.7371,-18.0622
2591,-0.3338,-4.7157,-18.0334
2592,0.1988,-4.8675,-17.9627
2593,0.7545,-5.007,-17.8579
2594,1.314,-5.1283,-17.7035
2595,1.78,-5.2435,-17.5087
2596,2.1365,-5.4018,-17.2388
2597,2.4271,-5.556,-16.9252
2598,2.6243,-5.7623,-16.6458
2599,2.6533,-5.9586,-16.404
2600,2.5887,-6.0269,-16.188
2601,2.4434,-5.84,-16.0099
2602,2.2148,-5.8813,-15.904
2603,1.8319,-5.8746,-15.9175
2604,1.3772,-5.8163,-15.9708
2605,0.9166,-5.5964,-16.0354
2606,0.5189,-5.3691,-16.1438
2607,0.1945,-5.2346,-16.2668
2608,-0.0109,-5.1602,-16.4104
2609,-0.1288,-5.0996,-16.5601
2610,-0.2191,-5.0777,-16.7165
2611,-0.3421,-5.0538,-16.879
2612,-0.4815,-5.0474,-17.0717
2613,-0.6532,-5.0745,-17.2504
2614,-0.7872,-5.0233,-17.3912
2615,-0.8413,-4.9072,-17.5041
2616,-0.8035,-4.8098,-17.5801
2617,-0.6565,-4.7274,-17.5856
2618,-0.473,-4.6653,-17.5055
2619,-0.2269,-4.494,-17.3461
2620,0.1067,-4.5119,-17.1769
2621,0.4704,-4.5658,-16.9839
2622,0.7453,-4.5667,-16.7389
2623,0.9636,-4.6344,-16.505
2624,1.0568,-4.7034,-16.2892
2625,1.0448,-4.7769,-16.0977
2626,0.9095,-4.7354,-15.9161
2627,0.802,-4.7637,-15.776
2628,0.5761,-4.7941,-15.7951
2629,0.2076,-4.7808,-15.8636
2630,-0.1571,-4.6736,-15.9597
2631,-0.4245,-4.5838,-16.0948
2632,-0.617,-4.5457,-16.2221
2633,-0.734,-4.5281,-16.3521
2634,-0.7713,-4.5364,-16.5084
2635,-0.7675,-4.5588,-16.6897
2636,-0.7771,-4.5946,-16.8731
2637,-0.805,-4.6065,-17.0456
2638,-0.8239,-4.5905,-17.2062
2639,-0.7766,-4.5303,-17.3394
2640,-0.602,-4.48,-17.4407
2641,-0.353,-4.436,-17.5033
2642,-0.0648,-4.3934,-17.4882
2643,0.2957,-4.4402,-17.4431
2644,0.62,-4.5108,-17.3572
2645,0.9492,-4.5095,-17.1964
2646,1.2376,-4.5622,-16.992
2647,1.4652,-4.5995,-16.7609
2648,1.63,-4.6529,-16.5157
2649,1.7031,-4.7119,-16.2856
2650,1.6599,-4.6896,-16.0536
2651,1.5436,-4.7265,-15.8448
2652,1.3594,-4.7646,-15.7345
2653,1.0346,-4.7229,-15.7286
2654,0.5688,-4.6346,-15.7693
2655,0.0705,-4.4678,-15.8325
2656,-0.3674,-4.3447,-15.9005
2657,-0.727,-4.244,-15.9949
2658,-0.9767,-4.2222,-16.0924
2659,-1.0987,-4.2011,-16.182
2660,-1.1482,-4.2251,-16.2672
2661,-1.1404,-4.267,-16.338
2662,-1.0887,-4.3155,-16.4242
2663,-1.0524,-4.3294,-16.5153
2664,-1.0015,-4.3186,-16.6017
2665,-0.9259,-4.2955,-16.6675
2666,-0.8084,-4.2506,-16.7039
2667,-0.6159,-4.2593,-16.7053
2668,-0.3725,-4.2141,-16.6713
2669,-0.0897,-4.2559,-16.6188
2670,0.2049,-4.3091,-16.536
2671,0.4887,-4.3265,-16.408
2672,0.714,-4.3392,-16.2464
2673,0.8516,-4.3515,-16.071
2674,0.908,-4.4188,-15.8958
2675,0.8511,-4.364,-15.7016
2676,0.7853,-4.4098,-15.4918
2677,0.6498,-4.4188,-15.3644
2678,0.3413,-4.4606,-15.319
2679,-0.0877,-4.4578,-15.324
2680,-0.4723,-4.3983,-15.3595
2681,-0.7815,-4.2743,-15.3968
2682,-0.9956,-4.2098,-15.4451
2683,-1.1204,-4.263,-15.507
2684,-1.1418,-4.2814,-15.565
2685,-1.1176,-4.3249,-15.61
2686,-1.0621,-4.3772,-15.6424
2687,-0.9906,-4.4114,-15.6616
2688,-0.8952,-4.4579,-15.6664
2689,-0.7314,-4.5082,-15.6604
2690,-0.5088,-4.5518,-15.6431
2691,-0.262,-4.5651,-15.6106
2692,-0.0372,-4.598,-15.5636
2693,0.1587,-4.6592,-15.4943
2694,0.3464,-4.7291,-15.3959
2695,0.5116,-4.7173,-15.2809
2696,0.7016,-4.6405,-15.1206
2697,0.8687,-4.5812,-14.965
2698,0.9581,-4.5202,-14.8104
2699,0.9495,-4.4944,-14.6722
2700,0.8253,-4.4174,-14.5873
2701,0.5398,-4.3395,-14.5371
2702,0.16,-4.2546,-14.517
2703,-0.2498,-4.1362,-14.5257
2704,-0.5967,-4.0344,-14.5624
2705,-0.8514,-3.9874,-14.6241
2706,-0.9891,-3.9746,-14.7002
2707,-1.062,-3.9873,-14.7828
2708,-1.0686,-3.9909,-14.8641
2709,-1.0324,-4.006,-14.946
2710,-0.9681,-4.0277,-15.0269
2711,-0.9044,-4.0668,-15.106
2712,-0.862,-4.1304,-15.1767
2713,-0.8147,-4.1812,-15.2233
2714,-0.7427,-4.2248,-15.2284
2715,-0.6574,-4.196,-15.1825
2716,-0.5478,-4.2696,-15.0929
2717,-0.3444,-4.3627,-14.9715
2718,-0.1062,-4.4267,-14.814
2719,0.1905,-4.4994,-14.6248
2720,0.4763,-4.5402,-14.4298
2721,0.7332,-4.5594,-14.2397
2722,0.9052,-4.5484,-14.0584
2723,0.9706,-4.5635,-13.9188
2724,0.9093,-4.6157,-13.8075
2725,0.7791,-4.6397,-13.7595
2726,0.5203,-4.5916,-13.7953
2727,0.1701,-4.5318,-13.8774
2728,-0.1541,-4.4258,-13.9785
2729,-0.3684,-4.3465,-14.082
2730,-0.5302,-4.3232,-14.1838
2731,-0.6579,-4.2477,-14.2495
2732,-0.7439,-4.1208,-14.2699
2733,-0.7478,-4.0661,-14.269
2734,-0.6762,-4.0531,-14.2465
2735,-0.5565,-4.0134,-14.1966
2736,-0.4602,-3.94,-14.1147
2737,-0.4014,-3.86,-14.0226
2738,-0.3359,-3.8446,-13.9242
2739,-0.3578,-3.7982,-13.7994
2740,-0.3086,-3.7997,-13.6729
2741,-0.2104,-3.81,-13.5259
2742,-0.0972,-3.7947,-13.4029
2743,-0.0225,-3.7972,-13.2911
2744,-0.0008,-3.8452,-13.2261
2745,-0.0338,-3.9094,-13.1905
2746,-0.1066,-3.9471,-13.1758
2747,-0.1689,-3.9497,-13.1605
2748,-0.189,-3.9245,-13.162
2749,-0.1913,-3.9581,-13.1765
2750,-0.1758,-3.9948,-13.1943
2751,-0.1293,-4.0369,-13.2183
2752,-0.105,-4.0272,-13.2339
2753,-0.1059,-4.0083,-13.233
2754,-0.0778,-3.9822,-13.2151
2755,-0.0582,-3.9756,-13.1752
2756,-0.0975,-3.9511,-13.1258
2757,-0.1916,-3.9344,-13.0655
2758,-0.276,-3.9265,-12.9945
2759,-0.3409,-3.9313,-12.9191
2760,-0.3833,-3.92,-12.8469
2761,-0.4145,-3.928,-12.7789
2762,-0.4223,-3.9394,-12.7143
2763,-0.4188,-3.966,-12.6563
2764,-0.406,-3.9712,-12.6016
2765,-0.3555,-3.9754,-12.5556
2766,-0.2754,-3.9682,-12.5252
2767,-0.1805,-3.9477,-12.5177
2768,-0.1045,-3.9508,-12.5434
2769,-0.0779,-3.9604,-12.6055
2770,-0.1006,-3.979,-12.6922
2771,-0.1632,-3.9836,-12.7867
2772,-0.2691,-3.9684,-12.8806
2773,-0.4192,-3.9287,-12.971
2774,-0.6065,-3.862,-13.0434
2775,-0.813,-3.7763,-13.0877
2776,-0.9811,-3.7091,-13.0969
2777,-1.1568,-3.6016,-13.0492
2778,-1.3362,-3.5269,-12.9722
2779,-1.4851,-3.4156,-12.8654
2780,-1.6136,-3.3251,-12.7206
2781,-1.7333,-3.2555,-12.5669
2782,-1.838,-3.2425,-12.4328
2783,-1.9363,-3.2971,-12.3331
2784,-2.0263,-3.3449,-12.2491
2785,-2.1274,-3.3793,-12.1696
2786,-2.2016,-3.3876,-12.0873
2787,-2.2064,-3.3726,-11.9941
2788,-2.1646,-3.4006,-11.8903
2789,-2.107,-3.4422,-11.7672
2790,-2.0459,-3.499,-11.6357
2791,-1.9569,-3.5262,-11.5127
2792,-1.8612,-3.5282,-11.3848
2793,-1.7757,-3.5188,-11.2441
2794,-1.7284,-3.5049,-11.0933
2795,-1.7132,-3.4661,-10.9438
2796,-1.7108,-3.4188,-10.7998
2797,-1.6926,-3.3783,-10.669
2798,-1.6611,-3.3482,-10.5472
2799,-1.6402,-3.3422,-10.431
2800,-1.6276,-3.3384,-10.3204
2801,-1.6306,-3.3569,-10.2186
2802,-1.6593,-3.3849,-10.1228
2803,-1.7001,-3.4208,-10.0325
2804,-1.7272,-3.4301,-9.9521
2805,-1.7102,-3.4326,-9.8659
2806,-1.6798,-3.4212,-9.7798
2807,-1.6388,-3.3905,-9.6877
2808,-1.576,-3.3685,-9.5895
2809,-1.498,-3.3375,-9.4776
2810,-1.4341,-3.333,-9.3628
2811,-1.3794,-3.3256,-9.2339
2812,-1.3286,-3.3008,-9.0817
2813,-1.2766,-3.3064,-8.9182
2814,-1.2455,-3.3075,-8.7626
2815,-1.2326,-3.2822,-8.6093
2816,-1.2133,-3.2602,-8.4853
2817,-1.1521,-3.3118,-8.4428
2818,-1.1474,-3.3324,-8.3803
2819,-1.0915,-3.4023,-8.3373
2820,-1.0523,-3.4487,-8.3341
2821,-1.0169,-3.5018,-8.3402
2822,-1.0527,-3.5155,-8.3683
2823,-1.1657,-3.5201,-8.4091
2824,-1.322,-3.511,-8.4306
2825,-1.4769,-3.4902,-8.4395
2826,-1.6095,-3.4504,-8.4368
2827,-1.7259,-3.4094,-8.4158
2828,-1.8686,-3.3789,-8.3824
2829,-2.01,-3.3687,-8.3463
2830,-2.1426,-3.3698,-8.309
2831,-2.2458,-3.3715,-8.2724
2832,-2.2951,-3.3892,-8.2236
2833,-2.2898,-3.4034,-8.1674
2834,-2.2326,-3.4152,-8.1014
2835,-2.1278,-3.4424,-8.0328
2836,-1.988,-3.478,-7.9611
2837,-1.8216,-3.5244,-7.8967
2838,-1.6627,-3.5633,-7.8384
2839,-1.5384,-3.6142,-7.7933
2840,-1.4228,-3.689,-7.7619
2841,-1.3148,-3.7449,-7.7307
2842,-1.1609,-3.7851,-7.7152
2843,-0.9694,-3.8167,-7.7116
2844,-0.7591,-3.8672,-7.7349
2845,-0.5383,-3.9387,-7.7835
2846,-0.3118,-4.0266,-7.871
2847,-0.0897,-4.1125,-7.9907
2848,0.09,-4.1894,-8.134
2849,0.2021,-4.2846,-8.2982
2850,0.2619,-4.3626,-8.4804
2851,0.2239,-4.4008,-8.6745
2852,0.0394,-4.3911,-8.8684
2853,-0.2344,-4.3343,-9.0557
2854,-0.4978,-4.3076,-9.2455
2855,-0.6872,-4.2869,-9.4399
2856,-0.7448,-4.2705,-9.6433
2857,-0.6807,-4.2861,-9.8618
2858,-0.5657,-4.2781,-10.0853
2859,-0.4228,-4.2662,-10.3082
2860,-0.2947,-4.2059,-10.5126
2861,-0.1692,-4.1339,-10.7037
2862,-0.0931,-4.0874,-10.8431
2863,-0.0583,-4.0573,-10.9389
2864,-0.1123,-4.0082,-10.9948
2865,-0.1908,-3.9688,-10.9961
2866,-0.2602,-3.9822,-10.9589
2867,-0.2997,-4.0303,-10.8998
2868,-0.2853,-4.0925,-10.8172
2869,-0.1989,-4.1271,-10.7413
2870,-0.0458,-4.1829,-10.6743
2871,0.1516,-4.2852,-10.613
2872,0.3735,-4.3954,-10.5445
2873,0.6148,-4.4988,-10.453
2874,0.8517,-4.6224,-10.3521
2875,1.1128,-4.7684,-10.2448
2876,1.4456,-4.92,-10.1572
2877,1.8429,-5.0611,-10.0922
2878,2.2971,-5.1683,-10.0477
2879,2.7547,-5.2493,-10.0218
2880,3.1975,-5.3342,-10.0139
2881,3.6104,-5.3941,-10.0237
2882,3.9927,-5.412,-10.0462
2883,4.323,-5.4184,-10.0755
2884,4.6315,-5.4478,-10.1204
2885,4.9057,-5.4641,-10.1809
2886,5.1577,-5.4749,-10.253
2887,5.3518,-5.5041,-10.3328
2888,5.5281,-5.5317,-10.4175
2889,5.6552,-5.544,-10.5082
2890,5.7116,-5.5553,-10.5956
2891,5.6523,-5.5855,-10.6826
2892,5.4104,-5.5974,-10.7674
2893,4.995,-5.5704,-10.8547
2894,4.4109,-5.5199,-10.9546
2895,3.6921,-5.4514,-11.0843
2896,2.8726,-5.3456,-11.2555
2897,1.9922,-5.194,-11.4484
2898,1.1021,-5.0568,-11.6647
2899,0.1989,-4.903,-11.9014
2900,-0.6665,-4.7393,-12.1274
2901,-1.47,-4.5608,-12.3227
2902,-2.2015,-4.3544,-12.4731
2903,-2.8065,-4.1104,-12.5727
2904,-3.2664,-3.8626,-12.6072
2905,-3.6811,-3.5864,-12.5758
2906,-3.9007,-3.3342,-12.538
2907,-4.1185,-3.2184,-12.4449
2908,-4.2229,-3.0202,-12.3167
2909,-4.1682,-2.9754,-12.1979
2910,-4.0683,-2.9789,-12.0831
2911,-3.8806,-3.0331,-11.9584
2912,-3.6171,-3.1261,-11.8572
2913,-3.2941,-3.277,-11.7741
2914,-2.9349,-3.4608,-11.6741
2915,-2.5237,-3.598,-11.5501
2916,-2.0831,-3.7257,-11.4068
2917,-1.5611,-3.9165,-11.2396
2918,-1.0109,-4.101,-11.0896
2919,-0.4717,-4.2928,-10.9554
2920,0.0388,-4.4807,-10.8484
2921,0.5392,-4.6046,-10.7639
2922,1.0266,-4.7057,-10.7002
2923,1.505,-4.801,-10.6658
2924,1.9528,-4.8843,-10.6617
2925,2.3303,-4.9418,-10.6775
2926,2.6586,-4.9774,-10.7094
2927,2.8773,-5.0073,-10.7687
2928,2.9372,-5.0074,-10.8546
2929,2.8275,-4.9533,-10.957
2930,2.5681,-4.9073,-11.0678
2931,2.1316,-4.8743,-11.1881
2932,1.5469,-4.7958,-11.3165
2933,0.8499,-4.6751,-11.455
2934,0.0638,-4.5736,-11.61
2935,-0.7304,-4.4741,-11.7738
2936,-1.5085,-4.3499,-11.9446
2937,-2.2514,-4.1949,-12.1063
2938,-2.8803,-4.0386,-12.2409
2939,-3.3697,-3.9041,-12.3328
2940,-3.7559,-3.761,-12.3723
2941,-4.053,-3.6604,-12.3817
2942,-4.3341,-3.5105,-12.3546
2943,-4.403,-3.4212,-12.3767
2944,-4.4434,-3.3811,-12.3283
2945,-4.3222,-3.3024,-12.2616
2946,-4.084,-3.3212,-12.2278
2947,-3.8429,-3.3616,-12.1861
2948,-3.5581,-3.4082,-12.1437
2949,-3.2146,-3.495,-12.104
2950,-2.8597,-3.6237,-12.0231
2951,-2.4569,-3.7999,-11.8943
2952,-1.9852,-3.9612,-11.7459
2953,-1.4574,-4.1255,-11.5803
2954,-0.8596,-4.3174,-11.4237
2955,-0.2056,-4.5351,-11.2979
2956,0.4285,-4.7529,-11.2046
2957,1.0539,-4.8601,-11.1248
2958,1.6453,-5.0036,-11.0834
2959,2.1193,-5.1241,-11.0925
2960,2.478,-5.2408,-11.1413
2961,2.6899,-5.2994,-11.2197
2962,2.8407,-5.2735,-11.2916
2963,2.9399,-5.2865,-11.3937
2964,2.9199,-5.2917,-11.5089
2965,2.7826,-5.2751,-11.6183
2966,2.5305,-5.2764,-11.725
2967,2.1814,-5.2275,-11.8322
2968,1.7987,-5.1211,-11.9404
2969,1.378,-5.0153,-12.0724
2970,0.9032,-4.8678,-12.2048
2971,0.4109,-4.7131,-12.3371
2972,-0.1022,-4.5525,-12.4743
2973,-0.5851,-4.3863,-12.5935
2974,-0.9971,-4.2463,-12.7038
2975,-1.324,-4.1159,-12.7957
2976,-1.5497,-3.9577,-12.8577
2977,-1.7115,-3.7812,-12.8919
2978,-1.7962,-3.6411,-12.9295
2979,-1.8604,-3.5525,-12.927
2980,-1.8161,-3.5071,-12.8966
2981,-1.7183,-3.4912,-12.8239
2982,-1.5499,-3.4946,-12.705
2983,-1.356,-3.5843,-12.5503
2984,-1.0858,-3.7582,-12.3712
2985,-0.712,-3.9456,-12.1682
2986,-0.2054,-4.1,-11.9688
2987,0.3348,-4.2692,-11.7797
2988,0.8869,-4.4707,-11.6311
2989,1.4268,-4.6364,-11.5369
2990,1.9058,-4.7584,-11.4845
2991,2.293,-4.8692,-11.4807
2992,2.6105,-4.9944,-11.5152
2993,2.8775,-5.1178,-11.5824
2994,3.0751,-5.2262,-11.6699
2995,3.2393,-5.299,-11.7598
2996,3.391,-5.3935,-11.855
2997,3.4894,-5.4548,-11.9526
2998,3.5048,-5.4292,-12.0418
2999,3.4565,-5.3863,-12.1285
3000,3.3367,-5.3157,-12.2235
